,lat,lon
0,45.4522821,9.1417609
1,45.4509566,9.1687198
2,45.4787442,9.1749509
3,45.4909719,9.1537332
4,45.4915303,9.1534811
5,45.4934557,9.1570134
6,45.4855757,9.1582607
7,45.4735476,9.1561864
8,45.452174,9.2242657
9,45.4446254,9.1727674
10,45.4532051,9.1462362
11,45.4538109,9.2239156
12,45.4595539,9.223923
13,45.4658972,9.223937
14,45.469675,9.2238108
15,45.4734751,9.2250046
16,45.4670591,9.1592314
17,45.4751033,9.1365193
18,45.4695368,9.1319028
19,45.4586162,9.1383612
20,45.4556353,9.1400656
21,45.467439,9.1655722
22,45.4622095,9.1285337
23,45.4872282,9.1308342
24,45.4905915,9.237132
25,45.4471073,9.2033952
26,45.4946969,9.2360076
27,45.4871584,9.2372883
28,45.491506,9.2496702
29,45.4919517,9.2368814
30,45.4995833,9.2422126
31,45.4300653,9.174702
32,45.4385327,9.1388557
33,45.4384349,9.1406975
34,45.4319019,9.1610501
35,45.4302035,9.1601674
36,45.4294992,9.1570919
37,45.4766536,9.086211
38,45.4660283,9.1278899
39,45.4682046,9.1294994
40,45.4606086,9.087483
41,45.4598402,9.1061113
42,45.4600225,9.129239
43,45.4643259,9.0848725
44,45.4676645,9.1808297
45,45.4864367,9.1362677
46,45.4517958,9.2237393
47,45.4599575,9.1470033
48,45.4561083,9.1169517
49,45.459843,9.154383
50,45.4593961,9.1549485
51,45.4603947,9.1505431
52,45.460151,9.1505391
53,45.5216657,9.2062335
54,45.518587,9.206886
55,45.4130241,9.1719088
56,45.4484292,9.2239868
57,45.4561532,9.154451
58,45.4565361,9.1547945
59,45.4433468,9.224015
60,45.4405616,9.2244709
61,45.4434089,9.2244575
62,45.4434908,9.1677208
63,45.4437352,9.1672853
64,45.473787,9.2296952
65,45.4730444,9.2304964
66,45.443603,9.1784738
67,45.4968457,9.2944157
68,45.4969849,9.2931864
69,45.4961407,9.2941064
70,45.5013352,9.2874786
71,45.4999433,9.2875739
72,45.4974474,9.2885435
73,45.4834879,9.164494
74,45.4697056,9.0896039
75,45.4800418,9.2677094
76,45.4824708,9.1429072
77,45.482855,9.1372522
78,45.4836679,9.1343563
79,45.4885577,9.1264489
80,45.4897969,9.1195208
81,45.4894928,9.1195732
82,45.4928786,9.1277692
83,45.493014,9.1282252
84,45.4939187,9.1241147
85,45.4895368,9.1241848
86,45.4941102,9.124226
87,45.4981862,9.1223216
88,45.4986228,9.1219731
89,45.4964458,9.1266006
90,45.49405,9.1151226
91,45.4945003,9.1139947
92,45.4844038,9.1401744
93,45.4864668,9.1362926
94,45.4835329,9.1417638
95,45.4686867,9.177442
96,45.4688087,9.1779224
97,45.4835942,9.1423986
98,45.4915693,9.1177527
99,45.4858095,9.1374265
100,45.4941355,9.1090715
101,45.4925834,9.1113488
102,45.4923502,9.1113782
103,45.49314,9.1151744
104,45.4930723,9.1149598
105,45.4925251,9.1181294
106,45.4924462,9.1177896
107,45.4944929,9.1092781
108,45.4935556,9.1204583
109,45.4934126,9.1200667
110,45.4852301,9.1276996
111,45.4855112,9.1279704
112,45.485139,9.1283872
113,45.4897938,9.1275658
114,45.4873104,9.1308702
115,45.4827841,9.137968
116,45.4859728,9.1241432
117,45.4852378,9.119927
118,45.4858623,9.1243328
119,45.4844352,9.1309123
120,45.4845124,9.130954
121,45.4836389,9.1340288
122,45.4797439,9.1414487
123,45.4796298,9.141469
124,45.4800482,9.141327
125,45.4793962,9.1423099
126,45.4798404,9.1427806
127,45.4799239,9.1432636
128,45.4805452,9.1424681
129,45.4791226,9.145005
130,45.4788517,9.1440737
131,45.4793684,9.1438713
132,45.4798605,9.1444156
133,45.4903612,9.2957903
134,45.4992447,9.2932106
135,45.4894283,9.2984542
136,45.497827,9.2847133
137,45.5003068,9.2846838
138,45.4871192,9.1309717
139,45.4852454,9.1391356
140,45.4824162,9.1443754
141,45.4825178,9.1439938
142,45.4850375,9.1437016
143,45.4971449,9.1171443
144,45.4972115,9.1166436
145,45.4969173,9.1142483
146,45.4973506,9.1136503
147,45.4934611,9.1236189
148,45.4933059,9.1233751
149,45.4969041,9.1201383
150,45.495988,9.122815
151,45.4958465,9.1227709
152,45.497143,9.1199312
153,45.495298,9.1303893
154,45.4778227,9.1460068
155,45.4777619,9.1462589
156,45.4790688,9.1482498
157,45.4796932,9.1488974
158,45.4814788,9.1516418
159,45.4830029,9.153963
160,45.4823717,9.1533089
161,45.4837321,9.1553957
162,45.4837001,9.15505
163,45.4863875,9.1592504
164,45.4869432,9.1603796
165,45.4962874,9.1101762
166,45.4954733,9.1127945
167,45.496183,9.1109465
168,45.5003647,9.1073121
169,45.500996,9.1074018
170,45.5041221,9.103853
171,45.4992152,9.1098906
172,45.4987183,9.1106272
173,45.5030384,9.1127363
174,45.5022482,9.116154
175,45.4773571,9.1090394
176,45.4780766,9.106277
177,45.4759193,9.1112274
178,45.4757673,9.1109416
179,45.4761097,9.1121929
180,45.4764976,9.111896
181,45.4739552,9.1169759
182,45.4734049,9.118371
183,45.4763508,9.1148725
184,45.4754679,9.1140129
185,45.4754652,9.114729
186,45.4701045,9.1231095
187,45.4704132,9.1235096
188,45.4724857,9.1194678
189,45.4837487,9.1046425
190,45.4835401,9.1046048
191,45.4892208,9.1015049
192,45.489266,9.1013057
193,45.4909824,9.101125
194,45.4906263,9.1013022
195,45.4934577,9.1014567
196,45.4921093,9.1044375
197,45.4924737,9.1037878
198,45.4928937,9.1072005
199,45.4924532,9.1067723
200,45.4994301,9.0977339
201,45.4971597,9.1005931
202,45.4958342,9.10305
203,45.4966032,9.1064781
204,45.4966765,9.1066496
205,45.4884293,9.1273459
206,45.5030585,9.1214847
207,45.4955203,9.1034845
208,45.4920513,9.2938972
209,45.4822312,9.1433354
210,45.4846785,9.1439614
211,45.4889627,9.149498
212,45.4881789,9.1489801
213,45.4895663,9.1511149
214,45.4901644,9.1508957
215,45.4904993,9.1510025
216,45.4904885,9.1518508
217,45.4419929,9.1166516
218,45.4429495,9.11613
219,45.4433994,9.1163854
220,45.4435334,9.1164314
221,45.4433876,9.1160697
222,45.4553538,9.1126388
223,45.4557583,9.1128696
224,45.4601612,9.1161433
225,45.4450621,9.1211969
226,45.4642316,9.1138941
227,45.4665875,9.1126453
228,45.4682349,9.1118203
229,45.4701164,9.1128824
230,45.4703001,9.1127513
231,45.469927,9.1157425
232,45.4708005,9.1148275
233,45.4692382,9.1071584
234,45.4706593,9.1058737
235,45.471802,9.1067045
236,45.4697527,9.1099164
237,45.4735027,9.1064386
238,45.4741007,9.1079472
239,45.4742199,9.1095516
240,45.4770492,9.1174588
241,45.4773299,9.1172327
242,45.4762784,9.1234966
243,45.4759821,9.1250156
244,45.5005031,9.2401479
245,45.4885931,9.1627939
246,45.4908991,9.1656378
247,45.4872162,9.1604887
248,45.49469,9.1613777
249,45.4896205,9.1642086
250,45.4906933,9.1654944
251,45.4927853,9.1627624
252,45.4923532,9.1637285
253,45.4718474,9.1066278
254,45.465521,9.1129458
255,45.4636407,9.113934
256,45.4681785,9.1115197
257,45.4702349,9.1093591
258,45.4713897,9.1086977
259,45.4731875,9.1063168
260,45.4741597,9.1073228
261,45.4743074,9.1092861
262,45.4549721,9.1126058
263,45.4558915,9.1129056
264,45.4519226,9.1176319
265,45.445176,9.1206048
266,45.5021661,9.0946146
267,45.5034181,9.094483
268,45.5012788,9.0950491
269,45.5040103,9.0951106
270,45.5052472,9.1011543
271,45.5056876,9.0987764
272,45.5057996,9.0990117
273,45.5053751,9.1012097
274,45.5017976,9.1206426
275,45.5017769,9.120495
276,45.5050415,9.1047155
277,45.5064864,9.0986596
278,45.5057483,9.1017801
279,45.5052291,9.1043921
280,45.504003,9.1086231
281,45.5041685,9.1086901
282,45.512005,9.1372023
283,45.504444,9.1036472
284,45.4623993,9.2236629
285,45.4615473,9.278905
286,45.4813361,9.1455633
287,45.4809352,9.1463264
288,45.4790978,9.1487876
289,45.4793769,9.1481242
290,45.4958727,9.1348837
291,45.497026,9.1308302
292,45.4947508,9.1384912
293,45.4934802,9.1426127
294,45.4917466,9.1474088
295,45.4880323,9.1555703
296,45.4882928,9.1570119
297,45.4937471,9.1420918
298,45.4964433,9.133586
299,45.4974966,9.1297722
300,45.494628,9.1393222
301,45.4921688,9.1473407
302,45.4946679,9.1296107
303,45.4460358,9.1247858
304,45.4472377,9.128501
305,45.4480607,9.1310255
306,45.4508361,9.1333335
307,45.4509676,9.1400081
308,45.4512915,9.1422229
309,45.4530304,9.1464558
310,45.4541983,9.1500101
311,45.4548062,9.1522544
312,45.456813,9.1580819
313,45.4621389,9.1690698
314,45.4625614,9.1738787
315,45.4637771,9.1745549
316,45.4654848,9.1754625
317,45.4674649,9.1767571
318,45.4909366,9.1453486
319,45.4895325,9.1427911
320,45.4914279,9.1475933
321,45.4930654,9.1503513
322,45.4866834,9.1593156
323,45.4785705,9.1444519
324,45.4678306,9.1810251
325,45.4714387,9.1731416
326,45.474797,9.1515544
327,45.4779366,9.1505209
328,45.4725895,9.1622385
329,45.4738832,9.1605318
330,45.4735861,9.1605538
331,45.4708749,9.164107
332,45.4708549,9.1643776
333,45.4698892,9.1656454
334,45.4697465,9.1655513
335,45.473597,9.1704747
336,45.4674159,9.1765143
337,45.4785099,9.1472522
338,45.4714029,9.1113399
339,45.4724722,9.1183104
340,45.5027869,9.1207281
341,45.5025177,9.1254342
342,45.5026287,9.1254015
343,45.4913518,9.1538457
344,45.5083732,9.1363831
345,45.5056719,9.1357318
346,45.5007975,9.1307706
347,45.5052133,9.1316125
348,45.5049689,9.1361215
349,45.5028128,9.1267744
350,45.5030477,9.1269457
351,45.5047189,9.1285578
352,45.5046062,9.1285578
353,45.5056194,9.132042
354,45.5022019,9.1400414
355,45.5029463,9.1383075
356,45.5026491,9.1397082
357,45.4628237,9.1548748
358,45.4693611,9.1261164
359,45.4694115,9.1251598
360,45.4635682,9.139677
361,45.464719,9.1363066
362,45.4673849,9.1364877
363,45.4644446,9.1421552
364,45.4657685,9.145859
365,45.4665847,9.1494506
366,45.4635033,9.1377742
367,45.4643898,9.1416274
368,45.4647549,9.1375286
369,45.4676456,9.1347967
370,45.4661888,9.1372803
371,45.4651981,9.14356
372,45.5184076,9.1307562
373,45.5180519,9.1303625
374,45.5191267,9.1329285
375,45.5192831,9.1334075
376,45.5185847,9.1360692
377,45.5187416,9.1358249
378,45.5189202,9.1385711
379,45.5120763,9.1283538
380,45.5120077,9.1282806
381,45.5146491,9.1283272
382,45.5153317,9.1279091
383,45.5191853,9.1390823
384,45.519206,9.140844
385,45.5194158,9.1408368
386,45.5198195,9.1445088
387,45.5199971,9.1443653
388,45.5164487,9.1275471
389,45.5164779,9.127729
390,45.469714,9.1451161
391,45.4697104,9.1452654
392,45.4719634,9.1445636
393,45.4719048,9.1444365
394,45.4734416,9.1439534
395,45.4729852,9.144238
396,45.4767345,9.142727
397,45.4753051,9.1435177
398,45.4768352,9.1445035
399,45.456192,9.1867241
400,45.464286,9.1873767
401,45.4434835,9.1787649
402,45.4458224,9.1880094
403,45.445924,9.1879986
404,45.4462583,9.1939387
405,45.4464157,9.1950629
406,45.4464212,9.1976879
407,45.4500504,9.1557438
408,45.4501144,9.1558318
409,45.4482345,9.1577965
410,45.4447242,9.1636461
411,45.4441017,9.1673741
412,45.4439276,9.1717896
413,45.4437593,9.1754189
414,45.4529163,9.154048
415,45.4574236,9.151518
416,45.4573933,9.1513633
417,45.4607177,9.1495058
418,45.4557087,9.1524272
419,45.4632975,9.1479983
420,45.4662947,9.1463294
421,45.5166285,9.1364631
422,45.5167222,9.136379
423,45.5170365,9.1390718
424,45.5171689,9.1393987
425,45.5154988,9.1442728
426,45.5153322,9.1439529
427,45.4779266,9.1687707
428,45.488461,9.1556776
429,45.4861323,9.1593989
430,45.4862814,9.1581398
431,45.4877349,9.1574003
432,45.465238,9.1751544
433,45.469184,9.1761309
434,45.4688832,9.1764571
435,45.4690106,9.176603
436,45.4846953,9.1612807
437,45.4751401,9.1812462
438,45.4817155,9.1814536
439,45.4950893,9.1756632
440,45.495394,9.1769563
441,45.4969639,9.1769157
442,45.4968609,9.1769938
443,45.4965809,9.1715819
444,45.5130714,9.1474137
445,45.513638,9.1476511
446,45.5136113,9.1486936
447,45.5141053,9.1460495
448,45.5144553,9.1459275
449,45.4450235,9.1622827
450,45.4481366,9.1578424
451,45.4598086,9.1498873
452,45.4521745,9.154346
453,45.4546243,9.1529021
454,45.4438464,9.1719626
455,45.443256,9.1757131
456,45.4436474,9.1754736
457,45.4628313,9.1481223
458,45.4656904,9.1464535
459,45.4672159,9.1458935
460,45.4465623,9.1984842
461,45.4467045,9.2040317
462,45.4467965,9.203809
463,45.447006,9.2085374
464,45.456144,9.1405553
465,45.4564365,9.1399581
466,45.4582516,9.1389125
467,45.4618809,9.1369996
468,45.4706375,9.1351095
469,45.4719771,9.1330677
470,45.4676642,9.1367958
471,45.4703345,9.1351767
472,45.4702277,9.1346829
473,45.4736049,9.1346477
474,45.4742462,9.1352431
475,45.4750906,9.1369404
476,45.4770834,9.1400384
477,45.4774634,9.1401671
478,45.4381875,9.1538954
479,45.4374539,9.1620757
480,45.437317,9.1577885
481,45.43774,9.1685709
482,45.4373894,9.1715227
483,45.4379677,9.1708412
484,45.4373514,9.1790156
485,45.437481,9.1790671
486,45.4374057,9.1825401
487,45.4373978,9.1864479
488,45.4373851,9.1887656
489,45.4373279,9.1947277
490,45.4372918,9.1965439
491,45.4361858,9.2011822
492,45.4360563,9.2011206
493,45.4367407,9.2066806
494,45.4369816,9.2095926
495,45.4368613,9.2097419
496,45.4369709,9.2124974
497,45.4369286,9.2154958
498,45.4373569,9.2183197
499,45.439216,9.2224315
500,45.438882,9.2267449
501,45.4372059,9.2302058
502,45.4421405,9.1487561
503,45.4497577,9.1438092
504,45.4398938,9.1516567
505,45.4396749,9.2233418
506,45.4659113,9.1459072
507,45.4955225,9.1473755
508,45.4958975,9.1472496
509,45.4928571,9.0733097
510,45.4927754,9.0728962
511,45.476335,9.0969208
512,45.489201,9.0729296
513,45.4766978,9.0934536
514,45.4762493,9.0887913
515,45.4776336,9.0863371
516,45.4790094,9.0890631
517,45.4757918,9.092269
518,45.472135,9.1114761
519,45.4774891,9.0931594
520,45.493125,9.0765485
521,45.4733435,9.1196609
522,45.4788299,9.0891765
523,45.4786793,9.1023044
524,45.4762738,9.0897809
525,45.4788899,9.1027012
526,45.4757484,9.0926299
527,45.4740599,9.1105493
528,45.4823375,9.0890482
529,45.474212,9.1202618
530,45.4756313,9.1211633
531,45.4762983,9.0974495
532,45.482534,9.0891506
533,45.4835043,9.0886265
534,45.4898525,9.0716743
535,45.4930825,9.076806
536,45.4852519,9.0830829
537,45.4781921,9.0884663
538,45.4740931,9.1101875
539,45.478254,9.0883014
540,45.4717159,9.1178223
541,45.4656469,9.1276721
542,45.4659963,9.127949
543,45.4662287,9.1271313
544,45.4681755,9.1265616
545,45.4752359,9.1246795
546,45.4736644,9.1268064
547,45.4719383,9.1286742
548,45.4724022,9.128522
549,45.4729829,9.1272891
550,45.4712376,9.1300622
551,45.4710671,9.1298019
552,45.4695447,9.1322488
553,45.4753137,9.1239953
554,45.5171908,9.1192757
555,45.5185292,9.1189579
556,45.4537988,9.2151095
557,45.399088,9.2059886
558,45.4028794,9.2091319
559,45.4028863,9.2087729
560,45.4716017,9.1821111
561,45.4310152,9.1568667
562,45.4307327,9.1585214
563,45.4313968,9.1562573
564,45.4481019,9.2107067
565,45.4498818,9.2198953
566,45.4899338,9.2007207
567,45.4500689,9.2154965
568,45.4502854,9.212408
569,45.491357,9.197611
570,45.4931049,9.1910176
571,45.4828257,9.2189776
572,45.4914515,9.1969134
573,45.4495446,9.2167636
574,45.4854409,9.2132807
575,45.4503596,9.2126321
576,45.4857165,9.2120631
577,45.482651,9.2190863
578,45.4495669,9.2181401
579,45.4503846,9.2214453
580,45.4548873,9.1132275
581,45.4548866,9.1126428
582,45.454788,9.1126868
583,45.4549891,9.1131988
584,45.4964005,9.1107014
585,45.4964492,9.1107156
586,45.4964862,9.1107671
587,45.5049506,9.0932217
588,45.4596656,9.1046883
589,45.4606536,9.0948397
590,45.4602495,9.1888116
591,45.4606067,9.1097233
592,45.4604613,9.1097367
593,45.4590791,9.101392
594,45.4567871,9.224143
595,45.4569154,9.223897
596,45.4561171,9.2231345
597,45.4562583,9.2229543
598,45.4552792,9.2166226
599,45.4559113,9.221314
600,45.4555527,9.2163043
601,45.4560903,9.2159492
602,45.4573207,9.2126609
603,45.4579818,9.212997
604,45.4578478,9.2123924
605,45.4575916,9.2133109
606,45.458382,9.2111958
607,45.4572008,9.2193103
608,45.4585524,9.210503
609,45.4596361,9.2076829
610,45.449883,9.2241585
611,45.4443003,9.2251275
612,45.4515953,9.22316
613,45.4337213,9.2372134
614,45.4343074,9.2367366
615,45.4323904,9.2403572
616,45.4720052,9.1834022
617,45.4715475,9.1810384
618,45.4486347,9.1604273
619,45.4736241,9.1813067
620,45.4735902,9.1809821
621,45.4481567,9.1605176
622,45.4981176,9.1670899
623,45.4980628,9.1669648
624,45.4601812,9.1143202
625,45.4611926,9.1194409
626,45.4631879,9.135815
627,45.460782,9.1167469
628,45.4595361,9.1008855
629,45.4601781,9.0977961
630,45.4596029,9.1013289
631,45.4612972,9.1191025
632,45.4606283,9.1166947
633,45.4603225,9.1138518
634,45.4599445,9.0985482
635,45.4597608,9.1094219
636,45.458332,9.0906656
637,45.4600991,9.1091419
638,45.4589513,9.092289
639,45.4584325,9.0906581
640,45.4588286,9.0923637
641,45.4562457,9.0917499
642,45.4667553,9.1497364
643,45.4632129,9.1348322
644,45.4597224,9.1488138
645,45.4574979,9.1215827
646,45.4572833,9.1214592
647,45.4511521,9.1339511
648,45.4676959,9.1337076
649,45.4720472,9.1367467
650,45.4680245,9.1316293
651,45.4689998,9.1369088
652,45.4678369,9.1309677
653,45.4674128,9.1377025
654,45.4834973,9.1479915
655,45.4673939,9.1409402
656,45.4831303,9.1492312
657,45.4806328,9.1506492
658,45.4720823,9.1381007
659,45.4846038,9.1465482
660,45.46733,9.1412218
661,45.5134453,9.1365676
662,45.4626775,9.1279528
663,45.5006996,9.1417422
664,45.512126,9.1369799
665,45.4625161,9.1147991
666,45.4645779,9.0918465
667,45.5006537,9.1419822
668,45.5086174,9.1380496
669,45.4979791,9.1448537
670,45.4622382,9.1235256
671,45.4630071,9.1271522
672,45.4987405,9.1441521
673,45.4290203,9.2575691
674,45.429018,9.2565338
675,45.5182662,9.1189852
676,45.5201597,9.1702209
677,45.4611371,9.163632
678,45.4679827,9.1654542
679,45.452664,9.1762942
680,45.4572427,9.1812712
681,45.4573893,9.1811507
682,45.5217696,9.1923725
683,45.5243032,9.1925542
684,45.5229,9.1921148
685,45.4792114,9.2696205
686,45.4763866,9.269249
687,45.4874783,9.2680674
688,45.4777407,9.2541144
689,45.4763208,9.2476532
690,45.478431,9.2570823
691,45.4779401,9.253768
692,45.4766058,9.2489661
693,45.4766144,9.2478425
694,45.4785231,9.256169
695,45.4872993,9.2683911
696,45.4982709,9.3010399
697,45.5061157,9.3008226
698,45.497436,9.2887231
699,45.506127,9.3010437
700,45.4955673,9.2910191
701,45.4876589,9.2974618
702,45.4875743,9.2980036
703,45.5043444,9.301002
704,45.5033749,9.3008548
705,45.497831,9.3001815
706,45.4975638,9.293822
707,45.4874536,9.2909242
708,45.4975658,9.3001869
709,45.4873675,9.2908287
710,45.4895449,9.2986204
711,45.4868717,9.2541105
712,45.467646,9.1983594
713,45.4650637,9.1970964
714,45.4648337,9.1968777
715,45.4396578,9.2279747
716,45.4616034,9.1150131
717,45.4604619,9.0952108
718,45.4629808,9.0927958
719,45.4625991,9.0931704
720,45.4690206,9.0874133
721,45.4690543,9.086703
722,45.4656972,9.0841137
723,45.4671938,9.083515
724,45.4678849,9.0846472
725,45.4610374,9.083219
726,45.4593951,9.0842879
727,45.459628,9.0883543
728,45.5085014,9.1346453
729,45.4626786,9.1737528
730,45.456816,9.1829832
731,45.4467328,9.2109481
732,45.4556464,9.1964686
733,45.4469917,9.2081718
734,45.4469561,9.2110826
735,45.4591461,9.1770335
736,45.455871,9.1962804
737,45.4485373,9.2082468
738,45.4611857,9.1738458
739,45.4569413,9.1832193
740,45.442926,9.217896
741,45.4569668,9.1902022
742,45.4409097,9.2226351
743,45.4482048,9.2085829
744,45.4404891,9.2229364
745,45.4478268,9.1975441
746,45.4569204,9.1903718
747,45.4512459,9.203554
748,45.446823,9.2086824
749,45.4603908,9.1594667
750,45.4584425,9.1258307
751,45.4588441,9.1265586
752,45.4613861,9.1624078
753,45.4566272,9.1182195
754,45.4613931,9.1621599
755,45.455635,9.1395406
756,45.4599058,9.1552776
757,45.4602766,9.1595652
758,45.4518555,9.1354758
759,45.4500249,9.1363897
760,45.4655978,9.1552927
761,45.4626658,9.1551364
762,45.4550901,9.1520084
763,45.4601516,9.1601435
764,45.4624221,9.1365758
765,45.4614227,9.1504606
766,45.4685319,9.1597583
767,45.467881,9.1565922
768,45.4680103,9.1563955
769,45.4681671,9.160989
770,45.4683134,9.1600442
771,45.4603231,9.1413675
772,45.4608409,9.1421062
773,45.4595576,9.1455784
774,45.4613614,9.1392655
775,45.4607326,9.1390642
776,45.4655777,9.1575592
777,45.5237346,9.165161
778,45.5237095,9.1642246
779,45.5232234,9.1624625
780,45.523405,9.1626138
781,45.5214275,9.1529876
782,45.5215313,9.1527012
783,45.5280892,9.1818089
784,45.5288232,9.1814801
785,45.5226257,9.1741606
786,45.5294694,9.1630618
787,45.523141,9.1752383
788,45.5245948,9.1787228
789,45.5203597,9.1707997
790,45.5244063,9.178946
791,45.5169973,9.1601023
792,45.5121739,9.1617685
793,45.5166628,9.150501
794,45.5151289,9.1607294
795,45.5122711,9.1646811
796,45.5181548,9.1540105
797,45.5146145,9.1577509
798,45.522624,9.1732744
799,45.4356851,9.2337172
800,45.4445011,9.2277414
801,45.4368225,9.2341281
802,45.4378851,9.2318586
803,45.4446694,9.227495
804,45.4443047,9.2309565
805,45.4327245,9.2245822
806,45.5266342,9.1644107
807,45.5222566,9.1660459
808,45.5225639,9.1588995
809,45.5237888,9.1752307
810,45.5223225,9.1570356
811,45.5158912,9.1502526
812,45.5186922,9.1544527
813,45.5309454,9.1623296
814,45.5223635,9.1667518
815,45.5263837,9.1919411
816,45.5221782,9.1569125
817,45.5292489,9.1670833
818,45.5287245,9.1657059
819,45.522381,9.1639126
820,45.5278705,9.181873
821,45.528303,9.1751068
822,45.5254542,9.1772366
823,45.5152316,9.1567693
824,45.5170516,9.1553001
825,45.5175088,9.1421772
826,45.5265618,9.1734949
827,45.5250461,9.1736235
828,45.524438,9.1628402
829,45.5175602,9.141921
830,45.5269591,9.1648176
831,45.5321193,9.1681136
832,45.5244555,9.174623
833,45.5254284,9.161286
834,45.5247694,9.1622941
835,45.5286922,9.1734946
836,45.5282184,9.1634437
837,45.5231225,9.1670053
838,45.5261067,9.1659527
839,45.5201513,9.1696334
840,45.5252296,9.1647077
841,45.5254368,9.1612267
842,45.5229779,9.1602863
843,45.5201015,9.1695747
844,45.5171596,9.1562198
845,45.470271,9.1974886
846,45.4693084,9.1987407
847,45.4692448,9.18924
848,45.4732543,9.1905853
849,45.4701109,9.1917717
850,45.4718503,9.1957764
851,45.4687272,9.1846307
852,45.4724684,9.1944481
853,45.4655168,9.1982934
854,45.4657011,9.1998155
855,45.4723743,9.2028029
856,45.4719675,9.2027503
857,45.4802906,9.2104972
858,45.4830144,9.2142752
859,45.4836156,9.2134077
860,45.4854827,9.2094017
861,45.4899527,9.2003243
862,45.4943975,9.1857766
863,45.4855641,9.2094341
864,45.4921834,9.193828
865,45.494527,9.185647
866,45.4865112,9.207358
867,45.4924107,9.1939701
868,45.492468,9.1934208
869,45.4939014,9.1932098
870,45.4866591,9.2072566
871,45.4945552,9.1858454
872,45.4924,9.1933501
873,45.513447,9.2141109
874,45.5144561,9.2088712
875,45.4631146,9.131122
876,45.4629869,9.1325482
877,45.4573546,9.093888
878,45.4569208,9.0933921
879,45.4560191,9.0903718
880,45.4573797,9.0940393
881,45.4663732,9.147723
882,45.4578301,9.0964512
883,45.4600635,9.129547
884,45.4663076,9.1479622
885,45.4588014,9.1009676
886,45.4570599,9.1121527
887,45.4568079,9.0936374
888,45.4570292,9.1126147
889,45.4542458,9.0835661
890,45.5155391,9.1726291
891,45.5055096,9.1796049
892,45.5001422,9.1831834
893,45.5095223,9.1897846
894,45.5071365,9.1886211
895,45.5338179,9.1612865
896,45.4978436,9.1847351
897,45.4887655,9.2002784
898,45.4977955,9.1850754
899,45.5031466,9.1612985
900,45.505327,9.1601555
901,45.5051089,9.1750701
902,45.5066201,9.1603291
903,45.5034102,9.1693258
904,45.5030859,9.1611664
905,45.5047887,9.1602401
906,45.5077215,9.1664872
907,45.5071892,9.1634887
908,45.5043508,9.172479
909,45.5026376,9.1631483
910,45.51372,9.1366534
911,45.5162054,9.1525351
912,45.5163533,9.1528638
913,45.5150778,9.1601461
914,45.5137094,9.1739141
915,45.5176001,9.1712264
916,45.5086265,9.1772937
917,45.5085602,9.1774869
918,45.5104444,9.1760083
919,45.5096575,9.1767107
920,45.5066627,9.1786967
921,45.5117677,9.1752477
922,45.51788,9.1709098
923,45.5225031,9.1726523
924,45.5284647,9.1603728
925,45.5276286,9.1588898
926,45.4975099,9.1785707
927,45.4901176,9.1898397
928,45.5049393,9.1704891
929,45.5020254,9.1781924
930,45.4886843,9.1945955
931,45.5029142,9.1765529
932,45.499955,9.178453
933,45.4872272,9.2028252
934,45.5004358,9.1782053
935,45.5029255,9.1767368
936,45.4977841,9.1787205
937,45.5021033,9.1779979
938,45.4862077,9.199762
939,45.5096611,9.1673204
940,45.4908983,9.1894348
941,45.5113527,9.1665148
942,45.4721062,9.1624859
943,45.4676019,9.1657031
944,45.4681058,9.1663802
945,45.4743044,9.1500611
946,45.4737387,9.1510893
947,45.4734495,9.1546515
948,45.4736682,9.1508134
949,45.4762078,9.1475321
950,45.5188689,9.1920909
951,45.4655596,9.1659302
952,45.4703811,9.1644644
953,45.4653625,9.1654456
954,45.4637765,9.1649365
955,45.4633156,9.1652021
956,45.46355,9.1643358
957,45.4819293,9.1919086
958,45.4710433,9.2449739
959,45.4748925,9.2481013
960,45.4727718,9.2490562
961,45.4718389,9.2475355
962,45.4708992,9.2411837
963,45.4759439,9.2476547
964,45.4711766,9.241739
965,45.5248461,9.1916767
966,45.5248603,9.1917165
967,45.487377,9.296264
968,45.4840635,9.2147498
969,45.4956946,9.1719984
970,45.4969761,9.1706909
971,45.488093,9.203427
972,45.4327081,9.2474401
973,45.4814078,9.2412138
974,45.4745476,9.2476766
975,45.4736893,9.2456543
976,45.4848539,9.236591
977,45.4444039,9.1833527
978,45.46079,9.1904537
979,45.4627066,9.1943145
980,45.4296969,9.256859
981,45.4413539,9.1753207
982,45.4407724,9.1734096
983,45.4530395,9.1734874
984,45.4604289,9.1886821
985,45.4637112,9.1690125
986,45.4503878,9.0681488
987,45.462689,9.1977395
988,45.5249431,9.174627
989,45.5187573,9.1914947
990,45.5173551,9.1942776
991,45.516587,9.2006314
992,45.5173914,9.1976728
993,45.5160344,9.2025117
994,45.5142861,9.2087373
995,45.5153009,9.2050766
996,45.5170052,9.2008039
997,45.5131895,9.2103611
998,45.5165876,9.2035814
999,45.5155059,9.2049035
1000,45.5186247,9.2000222
1001,45.5188704,9.1921448
1002,45.5192639,9.1921676
1003,45.51912,9.1967569
1004,45.5035198,9.1810207
1005,45.499989,9.1834723
1006,45.5164119,9.171845
1007,45.4727134,9.3057632
1008,45.4745615,9.3066022
1009,45.4770103,9.299182
1010,45.4772107,9.2984694
1011,45.4748914,9.2886588
1012,45.474455,9.2871675
1013,45.4335569,9.2404683
1014,45.4353445,9.2410817
1015,45.4339141,9.2425017
1016,45.4362936,9.2395081
1017,45.4380378,9.2410362
1018,45.444227,9.2456625
1019,45.4455603,9.2488422
1020,45.4451291,9.2493607
1021,45.4452994,9.2504511
1022,45.444078,9.2455501
1023,45.4382678,9.2410718
1024,45.4368801,9.2393454
1025,45.4351544,9.2411784
1026,45.5026221,9.1597179
1027,45.514367,9.1911928
1028,45.5110135,9.1905219
1029,45.5041187,9.1887892
1030,45.5017576,9.1897878
1031,45.4989711,9.1909271
1032,45.4970045,9.1917662
1033,45.4942143,9.1910903
1034,45.4929275,9.1910532
1035,45.4919266,9.1923401
1036,45.4921386,9.192984
1037,45.4931652,9.1910367
1038,45.4943836,9.1913317
1039,45.4955917,9.1919705
1040,45.4987409,9.1911927
1041,45.49977,9.1907469
1042,45.5026407,9.1895373
1043,45.5092726,9.1898029
1044,45.5112086,9.1907363
1045,45.5135693,9.1932683
1046,45.5159649,9.1935316
1047,45.4848189,9.1957022
1048,45.4853309,9.1959428
1049,45.4902352,9.2016842
1050,45.4939033,9.2062948
1051,45.4944613,9.2064346
1052,45.4864893,9.1976246
1053,45.4876015,9.1986089
1054,45.4972312,9.2082931
1055,45.4966866,9.2078604
1056,45.4915234,9.2034977
1057,45.4926899,9.2046045
1058,45.5157187,9.1935095
1059,45.5140196,9.193032
1060,45.5113525,9.1928711
1061,45.5105556,9.1930267
1062,45.5087812,9.19131
1063,45.517369,9.1891717
1064,45.5206245,9.1908829
1065,45.5230109,9.1915083
1066,45.3946492,9.1729323
1067,45.4523791,9.1174239
1068,45.4509749,9.1686932
1069,45.4559251,9.1726744
1070,45.4559944,9.1727453
1071,45.4170046,9.2360577
1072,45.4184355,9.2374417
1073,45.481536,9.298344
1074,45.5048205,9.1799784
1075,45.5036381,9.1807911
1076,45.4763074,9.1949319
1077,45.4778882,9.1961458
1078,45.4800462,9.1922078
1079,45.4677241,9.1810891
1080,45.4619318,9.1903664
1081,45.507257,9.1853121
1082,45.4631769,9.1977068
1083,45.4676084,9.2065191
1084,45.4680862,9.2066101
1085,45.5226783,9.1731863
1086,45.4628174,9.1982816
1087,45.4627854,9.1984724
1088,45.4792482,9.1816359
1089,45.4776449,9.1852597
1090,45.478263,9.1821717
1091,45.475584,9.1961607
1092,45.4603967,9.1962006
1093,45.4762408,9.1925958
1094,45.4672997,9.2005019
1095,45.4652632,9.2003317
1096,45.4687446,9.2146593
1097,45.4622594,9.2116558
1098,45.4660561,9.2146264
1099,45.462632,9.2146268
1100,45.4871004,9.2036167
1101,45.4808193,9.2253641
1102,45.4810727,9.2256149
1103,45.4365029,9.2005667
1104,45.4333858,9.2011064
1105,45.4811146,9.2255902
1106,45.4842732,9.2159023
1107,45.4532281,9.1706763
1108,45.462316,9.2034453
1109,45.4623572,9.2001965
1110,45.4479619,9.2105913
1111,45.5271277,9.1671657
1112,45.5249045,9.1923265
1113,45.5249026,9.1922669
1114,45.4523472,9.2201749
1115,45.4523973,9.2201751
1116,45.4513564,9.2233476
1117,45.4513791,9.2234002
1118,45.451554,9.2231171
1119,45.4947829,9.1385587
1120,45.5049932,9.2473307
1121,45.458352,9.216982
1122,45.4871751,9.2027729
1123,45.4718886,9.1955478
1124,45.4896264,9.1905651
1125,45.5146996,9.1943633
1126,45.5149215,9.1934796
1127,45.4468476,9.2093387
1128,45.447153,9.2033954
1129,45.4479802,9.2105278
1130,45.448073,9.2107737
1131,45.4881261,9.2041178
1132,45.488322,9.2039269
1133,45.4902336,9.2241338
1134,45.467119,9.2148195
1135,45.4723537,9.2148543
1136,45.4736382,9.2146461
1137,45.462242,9.2082672
1138,45.4622718,9.208124
1139,45.4845342,9.2030459
1140,45.4652303,9.2148169
1141,45.4703411,9.214849
1142,45.4711203,9.2146486
1143,45.4626265,9.2147849
1144,45.4753406,9.2148437
1145,45.4760219,9.2146763
1146,45.478804,9.2134499
1147,45.479125,9.2125645
1148,45.4775543,9.2148235
1149,45.4782204,9.2142878
1150,45.4622008,9.2204303
1151,45.4622375,9.2150722
1152,45.4619116,9.2435731
1153,45.4577679,9.2046102
1154,45.4542867,9.1007853
1155,45.4525958,9.10055
1156,45.4527104,9.1002928
1157,45.4555175,9.0919725
1158,45.4554802,9.0917768
1159,45.4552955,9.1102865
1160,45.4553673,9.1101952
1161,45.4545981,9.1041729
1162,45.4548367,9.1040127
1163,45.5291937,9.1816618
1164,45.5307621,9.1833502
1165,45.5321975,9.1835862
1166,45.5321737,9.1804387
1167,45.5330532,9.1820268
1168,45.5307758,9.1802188
1169,45.4892198,9.1923292
1170,45.4645315,9.188593
1171,45.484498,9.2025684
1172,45.4878656,9.1963036
1173,45.4612045,9.1637078
1174,45.4514478,9.188197
1175,45.4397862,9.2241919
1176,45.4513912,9.2033297
1177,45.4685961,9.1614499
1178,45.4708682,9.1649148
1179,45.4691493,9.1624865
1180,45.4695116,9.16285
1181,45.5297425,9.1629244
1182,45.5299935,9.162807
1183,45.4803711,9.1656956
1184,45.4735546,9.1703994
1185,45.4735289,9.1691673
1186,45.4742242,9.170027
1187,45.436184,9.2017272
1188,45.5139176,9.2244651
1189,45.4432724,9.1585515
1190,45.4437235,9.1587707
1191,45.4483308,9.1625385
1192,45.4455897,9.1638415
1193,45.467576,9.2244583
1194,45.486172,9.1995278
1195,45.4876609,9.1970167
1196,45.4647292,9.1967666
1197,45.5122863,9.2252013
1198,45.5123165,9.2252194
1199,45.5109409,9.2262787
1200,45.5113827,9.2244799
1201,45.5107076,9.2294245
1202,45.5109882,9.2262798
1203,45.5113914,9.2243804
1204,45.4621717,9.2246807
1205,45.4728002,9.2141896
1206,45.4730767,9.2155883
1207,45.4732084,9.2142575
1208,45.4732334,9.2165925
1209,45.5049829,9.0932361
1210,45.456544,9.199018
1211,45.4568841,9.2010971
1212,45.4574108,9.2065495
1213,45.4563851,9.2093781
1214,45.4564881,9.2088699
1215,45.4516848,9.2032412
1216,45.4837408,9.18685
1217,45.4604029,9.1886529
1218,45.4604476,9.1887063
1219,45.4847599,9.2383953
1220,45.485747,9.2332583
1221,45.4377961,9.2002885
1222,45.48359,9.1862657
1223,45.4837727,9.1869789
1224,45.4844938,9.1807065
1225,45.4810461,9.2164095
1226,45.4811665,9.2162714
1227,45.4751603,9.1896317
1228,45.4742215,9.1932971
1229,45.4646631,9.1662358
1230,45.4652156,9.1751397
1231,45.5159426,9.2056523
1232,45.5190124,9.2049525
1233,45.5073141,9.1853467
1234,45.5262182,9.2128409
1235,45.4913745,9.211548
1236,45.5242999,9.1924954
1237,45.5255546,9.1926599
1238,45.5255583,9.1925656
1239,45.4303152,9.2046575
1240,45.4372012,9.1691402
1241,45.4257956,9.1678122
1242,45.4276554,9.1688636
1243,45.4284912,9.1679462
1244,45.4290935,9.1667876
1245,45.4192499,9.1580141
1246,45.4288254,9.1661745
1247,45.4946215,9.2632797
1248,45.4753921,9.3040838
1249,45.40367,9.1730213
1250,45.495259,9.2195715
1251,45.4972317,9.2082258
1252,45.4503798,9.2413626
1253,45.4505757,9.2415597
1254,45.452251,9.241593
1255,45.4527016,9.2413836
1256,45.4540557,9.2414113
1257,45.4561396,9.2282114
1258,45.4561916,9.2344491
1259,45.4563687,9.2416443
1260,45.4565661,9.2414281
1261,45.4568678,9.239789
1262,45.45703,9.2394968
1263,45.4780945,9.2466436
1264,45.4798321,9.2458628
1265,45.4916978,9.2299158
1266,45.454805,9.1632182
1267,45.4528857,9.1642221
1268,45.4678647,9.221773
1269,45.4673387,9.2175286
1270,45.4675996,9.2167239
1271,45.4683063,9.2166232
1272,45.4707705,9.218508
1273,45.4708935,9.2180497
1274,45.4812454,9.2422163
1275,45.4822752,9.2392436
1276,45.4827096,9.2376582
1277,45.4846255,9.236473
1278,45.4846842,9.2365493
1279,45.4848338,9.2363118
1280,45.484867,9.2364187
1281,45.4846115,9.2364375
1282,45.5185783,9.1924671
1283,45.5114928,9.260677
1284,45.4724581,9.2779885
1285,45.4723658,9.2778938
1286,45.4723663,9.2779238
1287,45.472459,9.2779238
1288,45.4860661,9.2337969
1289,45.4932365,9.1514399
1290,45.4920612,9.1501737
1291,45.5113666,9.1665922
1292,45.5123264,9.1646471
1293,45.5096652,9.1673372
1294,45.5201146,9.1696153
1295,45.5201484,9.169596
1296,45.4728117,9.1869496
1297,45.4728559,9.1869307
1298,45.4687608,9.184626
1299,45.4703027,9.1975135
1300,45.4521908,9.1544022
1301,45.4522917,9.1538171
1302,45.4529085,9.1539783
1303,45.4512471,9.1505822
1304,45.451507,9.1511634
1305,45.5279249,9.1818578
1306,45.5280315,9.1817985
1307,45.5225758,9.1742267
1308,45.5231863,9.1751951
1309,45.5244608,9.1789209
1310,45.5245375,9.1787402
1311,45.4433031,9.1728669
1312,45.4677542,9.1904461
1313,45.4432149,9.1494724
1314,45.4432259,9.1491386
1315,45.4442866,9.154059
1316,45.4600485,9.1591465
1317,45.4428431,9.2202964
1318,45.4397431,9.2064559
1319,45.4677826,9.175641
1320,45.4612051,9.2146187
1321,45.4615005,9.2146595
1322,45.4598304,9.2142756
1323,45.4603609,9.2142438
1324,45.4538128,9.2099708
1325,45.4550824,9.2110229
1326,45.4533425,9.2090562
1327,45.4507133,9.171673
1328,45.4487045,9.1730101
1329,45.4487099,9.1729413
1330,45.4490901,9.1730885
1331,45.4490983,9.1730327
1332,45.4719046,9.1955675
1333,45.4817175,9.1814041
1334,45.4932256,9.1902165
1335,45.4922797,9.1934345
1336,45.4923111,9.1934599
1337,45.4763247,9.194938
1338,45.4732477,9.1906648
1339,45.4756537,9.181631
1340,45.4775969,9.1801875
1341,45.4355602,9.2007036
1342,45.4789119,9.196344
1343,45.4858856,9.1824633
1344,45.4816674,9.1918869
1345,45.4818811,9.1920298
1346,45.483944,9.1753301
1347,45.4809908,9.1663774
1348,45.4820035,9.1681098
1349,45.4820343,9.1680541
1350,45.4837363,9.1709789
1351,45.4830762,9.1633474
1352,45.4816917,9.1677424
1353,45.4855207,9.1823894
1354,45.4793483,9.1975974
1355,45.4793724,9.1975236
1356,45.4819561,9.191868
1357,45.4741619,9.1407897
1358,45.4740115,9.1401246
1359,45.505751,9.2642991
1360,45.5047386,9.1968115
1361,45.4659392,9.2300785
1362,45.468741,9.2837637
1363,45.4684361,9.2256988
1364,45.4695035,9.2237158
1365,45.4695015,9.2238125
1366,45.4697166,9.2238807
1367,45.4512337,9.2248136
1368,45.4681862,9.2221346
1369,45.46813,9.217899
1370,45.4682949,9.2150701
1371,45.4619629,9.1904236
1372,45.4682558,9.2109357
1373,45.4671203,9.2014553
1374,45.4986184,9.1995126
1375,45.5008276,9.1985151
1376,45.5017243,9.1944017
1377,45.5012072,9.1918475
1378,45.4762022,9.1925836
1379,45.4495345,9.2181605
1380,45.4469301,9.2081659
1381,45.4469437,9.2085412
1382,45.4438601,9.1720593
1383,45.4438735,9.1717856
1384,45.4467471,9.2038217
1385,45.4440485,9.1673867
1386,45.4441001,9.167412
1387,45.4441482,9.167382
1388,45.4499922,9.2154279
1389,45.4465105,9.1984726
1390,45.4437218,9.1751929
1391,45.4435455,9.1784714
1392,45.4458648,9.1880334
1393,45.4463568,9.1950598
1394,45.4501396,9.2123614
1395,45.4467565,9.2040396
1396,45.4546422,9.1529722
1397,45.4556961,9.1523559
1398,45.4500991,9.155772
1399,45.4451406,9.1620812
1400,45.4446659,9.1636297
1401,45.4561554,9.1545292
1402,45.4565348,9.1546952
1403,45.4503867,9.2125597
1404,45.4767245,9.1919568
1405,45.4767279,9.1918971
1406,45.4455514,9.1845185
1407,45.4456855,9.1846804
1408,45.4472606,9.1866012
1409,45.4472688,9.1866537
1410,45.4978592,9.1845906
1411,45.4413409,9.1786722
1412,45.4435307,9.1787678
1413,45.4492155,9.2027466
1414,45.449721,9.202503
1415,45.466732,9.1651256
1416,45.485957,9.2156557
1417,45.4844321,9.217504
1418,45.5042156,9.119867
1419,45.5045409,9.1202142
1420,45.5055871,9.117423
1421,45.5060928,9.1160588
1422,45.5066118,9.1151635
1423,45.5068483,9.1143999
1424,45.5073741,9.113484
1425,45.5078259,9.1122318
1426,45.50862,9.1105053
1427,45.508499,9.1111188
1428,45.5091455,9.1093108
1429,45.509183,9.1094807
1430,45.4213363,9.2033153
1431,45.4778425,9.2343489
1432,45.4673438,9.1652599
1433,45.4974243,9.1833937
1434,45.4974625,9.1833896
1435,45.4954323,9.1769522
1436,45.4965557,9.1718123
1437,45.4965965,9.1718152
1438,45.4966325,9.1715786
1439,45.4937159,9.1568408
1440,45.4969206,9.1769284
1441,45.496927,9.177031
1442,45.4536818,9.1804886
1443,45.4503908,9.1479954
1444,45.4505409,9.148157
1445,45.4557451,9.1623133
1446,45.4576539,9.1614323
1447,45.4858904,9.2151265
1448,45.5001385,9.2216526
1449,45.4533705,9.2241599
1450,45.4446,9.2625756
1451,45.4424698,9.2643029
1452,45.446877,9.2546235
1453,45.4462277,9.2527282
1454,45.4460433,9.248949
1455,45.4458565,9.2454141
1456,45.4457406,9.2431014
1457,45.4881826,9.2047391
1458,45.4808242,9.2228117
1459,45.4809021,9.222807
1460,45.4843248,9.2198091
1461,45.4854851,9.2336039
1462,45.4842872,9.2206089
1463,45.4864477,9.2448849
1464,45.4910247,9.2669836
1465,45.4913012,9.2677829
1466,45.4431815,9.1585823
1467,45.4380628,9.1551087
1468,45.438072,9.1549864
1469,45.4435629,9.1392383
1470,45.4435886,9.1393092
1471,45.4403009,9.1551196
1472,45.4394954,9.1554134
1473,45.4395335,9.1554786
1474,45.4424623,9.1555274
1475,45.4424673,9.1337663
1476,45.4424982,9.1337433
1477,45.4410042,9.1294411
1478,45.4410466,9.1294168
1479,45.437196,9.1525943
1480,45.4372794,9.1524822
1481,45.4370476,9.1478918
1482,45.4370887,9.1467658
1483,45.437143,9.1478964
1484,45.4371099,9.1501268
1485,45.4372021,9.1501225
1486,45.4434823,9.1602183
1487,45.4435562,9.1601953
1488,45.4420825,9.1329152
1489,45.4443877,9.162398
1490,45.4444125,9.16233
1491,45.4562976,9.2314411
1492,45.4543885,9.2416232
1493,45.4562418,9.2252273
1494,45.4916002,9.249214
1495,45.4896963,9.2552155
1496,45.5020299,9.1647246
1497,45.4675962,9.2140344
1498,45.4437746,9.116293
1499,45.4461307,9.1244014
1500,45.4487844,9.1311615
1501,45.4468357,9.1265059
1502,45.453438,9.1332067
1503,45.4533862,9.1336
1504,45.4541495,9.1337288
1505,45.4437873,9.1155917
1506,45.4470883,9.114224
1507,45.4483777,9.1186496
1508,45.447067,9.1145376
1509,45.448358,9.1183088
1510,45.4514244,9.1881849
1511,45.4490334,9.190445
1512,45.4490339,9.1905369
1513,45.4989329,9.2291885
1514,45.4437919,9.1671836
1515,45.444628,9.1728417
1516,45.4910041,9.2297734
1517,45.5201221,9.1702846
1518,45.516984,9.1787138
1519,45.4318379,9.2015493
1520,45.4906816,9.243033
1521,45.4913637,9.2431464
1522,45.4256241,9.2087035
1523,45.4268593,9.2098901
1524,45.480958,9.2169614
1525,45.4732062,9.2351112
1526,45.4319508,9.205502
1527,45.4293909,9.2077875
1528,45.4335394,9.2022918
1529,45.4380547,9.2003419
1530,45.4392177,9.2027264
1531,45.4409945,9.2148874
1532,45.4404259,9.2110381
1533,45.4269119,9.2069723
1534,45.4281617,9.2060117
1535,45.4404598,9.2098258
1536,45.4421711,9.2179327
1537,45.4293495,9.2028658
1538,45.441145,9.2146889
1539,45.4440712,9.2230625
1540,45.4393344,9.202544
1541,45.4397258,9.2051535
1542,45.4778876,9.1606877
1543,45.4832774,9.1701588
1544,45.483992,9.1764834
1545,45.4844225,9.2204554
1546,45.4680845,9.2326743
1547,45.4698862,9.2431255
1548,45.4710054,9.2559089
1549,45.470816,9.2617359
1550,45.4711724,9.2496272
1551,45.4677467,9.2309822
1552,45.4707952,9.261915
1553,45.4685924,9.233197
1554,45.4712181,9.2500995
1555,45.4709508,9.246025
1556,45.4709922,9.256515
1557,45.4699802,9.2444666
1558,45.4698421,9.2372207
1559,45.470916,9.2463059
1560,45.468475,9.2275138
1561,45.4677158,9.2270658
1562,45.4684853,9.2305363
1563,45.4694546,9.2371952
1564,45.4700416,9.2636939
1565,45.47594,9.2470391
1566,45.47747,9.2433156
1567,45.4732827,9.2444516
1568,45.4827583,9.2415485
1569,45.4801763,9.2422633
1570,45.4805994,9.2420823
1571,45.4772973,9.2431158
1572,45.4827989,9.2304546
1573,45.4839552,9.2338156
1574,45.4822214,9.2294836
1575,45.4842862,9.236015
1576,45.4808033,9.2254044
1577,45.4835209,9.2332497
1578,45.4967781,9.1265324
1579,45.503621,9.1208703
1580,45.503258,9.1379182
1581,45.5096253,9.1311133
1582,45.4676549,9.2065327
1583,45.5140162,9.2019563
1584,45.5263708,9.2038067
1585,45.5122191,9.2009132
1586,45.5187712,9.2046758
1587,45.5216503,9.2064568
1588,45.5113206,9.200594
1589,45.5261265,9.2057004
1590,45.5262543,9.2057701
1591,45.5236383,9.2075994
1592,45.5164971,9.2033239
1593,45.5255101,9.2079963
1594,45.5143393,9.2022996
1595,45.5256192,9.2078513
1596,45.5018862,9.1988157
1597,45.5019612,9.1969046
1598,45.5015308,9.1969435
1599,45.5102824,9.1998144
1600,45.5054408,9.1973804
1601,45.5096262,9.1996734
1602,45.5074824,9.1983036
1603,45.4947589,9.2053731
1604,45.4960476,9.2024244
1605,45.4966058,9.2009351
1606,45.495691,9.2030522
1607,45.4943079,9.205974
1608,45.4985717,9.1996901
1609,45.5076451,9.198594
1610,45.491209,9.2055208
1611,45.491822,9.2049951
1612,45.5018732,9.2116496
1613,45.5005648,9.2117622
1614,45.4995568,9.2091391
1615,45.4990548,9.2084782
1616,45.4757901,9.186316
1617,45.4799229,9.1930662
1618,45.4777878,9.1841039
1619,45.4780974,9.1824712
1620,45.4753011,9.1917726
1621,45.4777277,9.1767301
1622,45.4786548,9.1752096
1623,45.4772895,9.1784256
1624,45.4806209,9.1705774
1625,45.4786982,9.1749223
1626,45.4793309,9.1732473
1627,45.4807554,9.1705318
1628,45.4797531,9.1726829
1629,45.4798414,9.1680347
1630,45.4806952,9.16653
1631,45.4830951,9.1634005
1632,45.4819648,9.1676803
1633,45.4851481,9.1617904
1634,45.5057699,9.2292079
1635,45.5072566,9.2363771
1636,45.5033796,9.2403526
1637,45.5000324,9.2269682
1638,45.5053488,9.2266732
1639,45.5046626,9.2224432
1640,45.5057403,9.2374489
1641,45.5064936,9.2330997
1642,45.5048431,9.2277542
1643,45.5051703,9.2304249
1644,45.5055272,9.2334026
1645,45.5060475,9.2273258
1646,45.5062438,9.2366344
1647,45.5033476,9.240653
1648,45.5063054,9.2233549
1649,45.5061873,9.2225721
1650,45.500899,9.2284807
1651,45.5023316,9.2230223
1652,45.4286255,9.2557041
1653,45.4286689,9.2556321
1654,45.4386181,9.2645421
1655,45.4400974,9.2640969
1656,45.4457663,9.235485
1657,45.4446454,9.2386063
1658,45.4579784,9.2482486
1659,45.4500665,9.2372062
1660,45.4580721,9.2511746
1661,45.4534497,9.2378312
1662,45.4516038,9.2377483
1663,45.4581659,9.2436081
1664,45.4587176,9.2462157
1665,45.4601228,9.241954
1666,45.4603375,9.2479621
1667,45.4589152,9.2463153
1668,45.4587257,9.2182316
1669,45.4607835,9.2312588
1670,45.458731,9.2224272
1671,45.4610785,9.2389875
1672,45.4586293,9.2220621
1673,45.4585959,9.2189719
1674,45.4607764,9.2171828
1675,45.4586576,9.2161478
1676,45.4618877,9.2241956
1677,45.4586042,9.2475414
1678,45.4559448,9.2382924
1679,45.4503395,9.2370987
1680,45.4602933,9.2473539
1681,45.4591882,9.2242319
1682,45.4465221,9.2350858
1683,45.4444609,9.2388596
1684,45.4604533,9.2447028
1685,45.4583773,9.2508826
1686,45.4457219,9.2463625
1687,45.4571976,9.2491082
1688,45.4530339,9.2376888
1689,45.4578474,9.2431267
1690,45.4611314,9.242487
1691,45.4441721,9.2625042
1692,45.4465855,9.2546672
1693,45.4423015,9.2641339
1694,45.4459455,9.2518032
1695,45.4458272,9.2482859
1696,45.4456258,9.2436579
1697,45.4346858,9.2654682
1698,45.4399087,9.2639405
1699,45.4370527,9.2660086
1700,45.4377574,9.2654965
1701,45.4408421,9.1398533
1702,45.440031,9.1381792
1703,45.4389449,9.13884
1704,45.4387297,9.1254488
1705,45.4363694,9.1245772
1706,45.4373184,9.1231149
1707,45.4389177,9.1266583
1708,45.4412339,9.1303661
1709,45.442127,9.1328478
1710,45.4436351,9.139089
1711,45.4383596,9.1410255
1712,45.4409135,9.139724
1713,45.4398748,9.1380235
1714,45.4366055,9.147588
1715,45.4369462,9.1539556
1716,45.4367015,9.1500865
1717,45.4382213,9.1553282
1718,45.4390851,9.1556159
1719,45.4402068,9.1554214
1720,45.4419128,9.1549748
1721,45.5118788,9.2560402
1722,45.5103004,9.2540692
1723,45.5082864,9.2514125
1724,45.5067511,9.2494126
1725,45.5053675,9.2476316
1726,45.5034046,9.2450747
1727,45.5024387,9.2437561
1728,45.502381,9.2439184
1729,45.5035089,9.2454005
1730,45.5068287,9.2497323
1731,45.5084735,9.2518834
1732,45.5102422,9.2541845
1733,45.5114804,9.2557693
1734,45.5121232,9.2589077
1735,45.4601419,9.120793
1736,45.4570414,9.1223696
1737,45.4557433,9.123008
1738,45.4534781,9.1242155
1739,45.4516772,9.125111
1740,45.448375,9.1268303
1741,45.4467908,9.1276889
1742,45.4437363,9.1288366
1743,45.442709,9.130135
1744,45.4440619,9.1300653
1745,45.4484767,9.1272624
1746,45.4516415,9.1255858
1747,45.4467982,9.128118
1748,45.4538155,9.1244503
1749,45.4570791,9.1227618
1750,45.455572,9.1235288
1751,45.4605464,9.1208785
1752,45.475055,9.1420997
1753,45.513587,9.148657
1754,45.4434212,9.1163222
1755,45.4510412,9.1395683
1756,45.5019806,9.2420792
1757,45.5062549,9.2373423
1758,45.5076995,9.2366956
1759,45.5126929,9.2294601
1760,45.5127029,9.2327987
1761,45.511578,9.2350199
1762,45.5166244,9.2260374
1763,45.5192554,9.2268738
1764,45.522935,9.2279788
1765,45.5223058,9.2211579
1766,45.5201944,9.2183117
1767,45.5220728,9.2113763
1768,45.5228189,9.208584
1769,45.5158904,9.1889016
1770,45.5011134,9.194934
1771,45.500309,9.1909161
1772,45.5226609,9.209464
1773,45.5215143,9.2129048
1774,45.5208732,9.2151517
1775,45.5221987,9.2103703
1776,45.5201558,9.2179503
1777,45.5225394,9.2215321
1778,45.5227347,9.2275707
1779,45.5206334,9.2269184
1780,45.5167769,9.2257906
1781,45.5128167,9.2246077
1782,45.5106822,9.2294039
1783,45.5107134,9.2321689
1784,45.5105151,9.2353095
1785,45.507766,9.2365488
1786,45.5015967,9.2392684
1787,45.5141382,9.2123202
1788,45.4993913,9.2400146
1789,45.4965845,9.2363588
1790,45.5013504,9.242571
1791,45.5074691,9.2372624
1792,45.5080575,9.239765
1793,45.5089107,9.2433377
1794,45.5096464,9.2437062
1795,45.5108917,9.2459926
1796,45.5108508,9.2482493
1797,45.5110782,9.2497164
1798,45.511377,9.2514572
1799,45.5155608,9.2514781
1800,45.5125423,9.2531011
1801,45.5153596,9.2495869
1802,45.5154876,9.2496676
1803,45.5159014,9.2460453
1804,45.5167903,9.2442914
1805,45.5155531,9.2522373
1806,45.5169948,9.2457891
1807,45.5131157,9.2527795
1808,45.5118202,9.2525264
1809,45.5123202,9.2497745
1810,45.5093224,9.2381772
1811,45.5117021,9.2465559
1812,45.5110394,9.2462626
1813,45.4990437,9.2358929
1814,45.496669,9.2349958
1815,45.4917619,9.2366104
1816,45.494332,9.2358383
1817,45.4873674,9.2371081
1818,45.5104914,9.2434953
1819,45.4772594,9.2458532
1820,45.4731841,9.2434803
1821,45.4687103,9.2350155
1822,45.4674171,9.2350114
1823,45.4679401,9.232941
1824,45.46608,9.2022957
1825,45.467425,9.2045851
1826,45.4675482,9.2109895
1827,45.4675932,9.2233629
1828,45.4673573,9.2338879
1829,45.4681736,9.2351807
1830,45.4814311,9.2451354
1831,45.4870175,9.2179341
1832,45.489069,9.2206378
1833,45.4906222,9.222687
1834,45.4923052,9.2249591
1835,45.49571,9.2294998
1836,45.49919,9.2340783
1837,45.5014442,9.237069
1838,45.5039632,9.240414
1839,45.5054315,9.2423478
1840,45.5073415,9.244874
1841,45.5086214,9.2465896
1842,45.5165403,9.2444102
1843,45.5091573,9.2470783
1844,45.5078994,9.245397
1845,45.4998008,9.2346842
1846,45.5066966,9.2437524
1847,45.5032789,9.2392952
1848,45.5021716,9.2378334
1849,45.4955369,9.2290569
1850,45.4969795,9.2309609
1851,45.4929975,9.2256559
1852,45.4917795,9.2240723
1853,45.4895489,9.2210876
1854,45.4870514,9.2177949
1855,45.4907069,9.2477244
1856,45.4879447,9.2480797
1857,45.4885012,9.2483317
1858,45.4874594,9.2429079
1859,45.4868088,9.2453546
1860,45.4885579,9.244165
1861,45.491161,9.2378484
1862,45.4912801,9.2408533
1863,45.489951,9.2337714
1864,45.4888321,9.2250181
1865,45.4890538,9.2290999
1866,45.4864743,9.2210444
1867,45.4857445,9.2212535
1868,45.4873852,9.2212025
1869,45.4889154,9.2289038
1870,45.4886835,9.2228908
1871,45.4892434,9.2320525
1872,45.4907904,9.2364205
1873,45.4911524,9.2407085
1874,45.487745,9.2433102
1875,45.4902459,9.2429454
1876,45.4868748,9.2469264
1877,45.4906637,9.2479215
1878,45.4773213,9.1802628
1879,45.490547,9.1529339
1880,45.4927264,9.1483014
1881,45.458287,9.1467217
1882,45.4568817,9.1431411
1883,45.4550885,9.1369264
1884,45.4504478,9.1313921
1885,45.4514516,9.129816
1886,45.4511299,9.1266
1887,45.4548175,9.1069767
1888,45.4539841,9.095025
1889,45.4613496,9.0870615
1890,45.4583149,9.0856951
1891,45.4592088,9.0881796
1892,45.4537486,9.0952649
1893,45.4547349,9.1071667
1894,45.4561196,9.1276563
1895,45.4548402,9.1284208
1896,45.4550324,9.1316606
1897,45.451786,9.1352315
1898,45.4548986,9.1369582
1899,45.4567984,9.143544
1900,45.4581608,9.1479687
1901,45.4467604,9.1791268
1902,45.444865,9.1760946
1903,45.4361275,9.1728598
1904,45.4342162,9.1717767
1905,45.4319363,9.1695541
1906,45.4372109,9.1696027
1907,45.4347124,9.1636669
1908,45.4336395,9.1621529
1909,45.4331427,9.1588904
1910,45.4328149,9.1543233
1911,45.431198,9.1561657
1912,45.4337259,9.1626035
1913,45.4346347,9.1638729
1914,45.4319452,9.1695352
1915,45.4339937,9.1708456
1916,45.4346593,9.1721168
1917,45.4360417,9.1731963
1918,45.4389298,9.1737369
1919,45.4401268,9.1738093
1920,45.4415398,9.172752
1921,45.4815805,9.2081206
1922,45.481192,9.2089865
1923,45.4800896,9.2110523
1924,45.4822824,9.2069703
1925,45.4735345,9.2311046
1926,45.4735467,9.2326889
1927,45.4735071,9.2278262
1928,45.4719595,9.2239232
1929,45.4712236,9.2236903
1930,45.465449,9.1584913
1931,45.466096,9.1550098
1932,45.4602322,9.1547118
1933,45.4661938,9.1592905
1934,45.473366,9.2243448
1935,45.4734147,9.232051
1936,45.4733995,9.2293575
1937,45.4733832,9.2276059
1938,45.4734336,9.2338936
1939,45.4934785,9.1929762
1940,45.4930367,9.1927241
1941,45.4971718,9.1832836
1942,45.5039147,9.1693886
1943,45.5026343,9.1663739
1944,45.5059272,9.1740016
1945,45.5049218,9.1758824
1946,45.4796565,9.1942777
1947,45.4347044,9.2656072
1948,45.4513388,9.1422353
1949,45.5217716,9.192307
1950,45.518567,9.1924745
1951,45.5190558,9.1967767
1952,45.4845029,9.2991663
1953,45.48674,9.2987448
1954,45.516963,9.1786055
1955,45.4972009,9.1832796
1956,45.4991124,9.2086485
1957,45.4665952,9.1489707
1958,45.4335717,9.1622949
1959,45.4378933,9.1708507
1960,45.4534637,9.1700098
1961,45.4534656,9.1699724
1962,45.4512621,9.1891008
1963,45.4603225,9.159461
1964,45.4661912,9.1592425
1965,45.4637779,9.1650172
1966,45.4607552,9.2543159
1967,45.4761376,9.217098
1968,45.4771895,9.2172051
1969,45.4758279,9.2238523
1970,45.4912692,9.2269068
1971,45.4859816,9.2229908
1972,45.4795068,9.2235884
1973,45.4845298,9.2235106
1974,45.481145,9.2235755
1975,45.4795067,9.2237439
1976,45.4748901,9.2204563
1977,45.472849,9.2194644
1978,45.4708645,9.2154422
1979,45.4561474,9.2112561
1980,45.452353,9.2082172
1981,45.4503107,9.2067339
1982,45.4503485,9.2069592
1983,45.4521887,9.208676
1984,45.4744476,9.2214265
1985,45.4713812,9.2214539
1986,45.4808229,9.22412
1987,45.4893778,9.2232404
1988,45.4860794,9.2223524
1989,45.4839546,9.2237203
1990,45.4914495,9.226483
1991,45.4583057,9.098713
1992,45.4669687,9.1452784
1993,45.4667337,9.1478295
1994,45.4669236,9.1469924
1995,45.4520428,9.1344364
1996,45.4565936,9.1316123
1997,45.4563452,9.1313655
1998,45.4641654,9.0886474
1999,45.4643427,9.0888638
2000,45.464704,9.0908727
2001,45.4628228,9.1267443
2002,45.4623243,9.1244752
2003,45.4655487,9.1542987
2004,45.463675,9.1523675
2005,45.4634794,9.1524748
2006,45.4611355,9.1505055
2007,45.4680733,9.1637261
2008,45.4682497,9.1630402
2009,45.4662503,9.1545457
2010,45.4649064,9.0862469
2011,45.4669013,9.085239
2012,45.4920212,9.1461665
2013,45.4963493,9.1106777
2014,45.496459,9.1107273
2015,45.4529013,9.1643338
2016,45.4697814,9.1656651
2017,45.480457,9.2171484
2018,45.4263284,9.1540603
2019,45.4293984,9.1540415
2020,45.4289148,9.1532024
2021,45.4262022,9.1539718
2022,45.4277911,9.1522954
2023,45.4278589,9.1524161
2024,45.4251369,9.1574905
2025,45.4250465,9.1573564
2026,45.4291495,9.1534599
2027,45.4219176,9.2030264
2028,45.4934427,9.290166
2029,45.5115878,9.2152811
2030,45.4722677,9.1203554
2031,45.49579,9.1918893
2032,45.4343594,9.2044878
2033,45.4361033,9.2016757
2034,45.5238938,9.1611777
2035,45.4927517,9.1169589
2036,45.4964208,9.1106874
2037,45.4764649,9.1110272
2038,45.4426033,9.1681806
2039,45.4430398,9.1679537
2040,45.4430794,9.1679576
2041,45.4403459,9.1657609
2042,45.44035,9.1657198
2043,45.4361185,9.1544726
2044,45.4373902,9.1620705
2045,45.4372544,9.1577598
2046,45.4361212,9.1545823
2047,45.4405357,9.1656832
2048,45.4425612,9.1681549
2049,45.4426716,9.16812
2050,45.4353,9.1452367
2051,45.435351,9.1451825
2052,45.4334354,9.1497516
2053,45.432167,9.1473705
2054,45.4322032,9.147438
2055,45.4339223,9.1453588
2056,45.4339531,9.1454232
2057,45.4369419,9.1556191
2058,45.4370254,9.1555876
2059,45.4381036,9.1536172
2060,45.438228,9.1535576
2061,45.4392871,9.1520673
2062,45.4393236,9.1521382
2063,45.4382288,9.1652475
2064,45.4382322,9.1651607
2065,45.4400673,9.1467779
2066,45.4401101,9.1467486
2067,45.4408143,9.1494282
2068,45.4408663,9.149415
2069,45.4390216,9.1432368
2070,45.4390705,9.1432015
2071,45.437126,9.1590997
2072,45.4371851,9.1590885
2073,45.4404947,9.1658747
2074,45.4404954,9.1657674
2075,45.4457804,9.1618112
2076,45.4616089,9.2173268
2077,45.4438647,9.2165421
2078,45.4444608,9.2153223
2079,45.4458207,9.2130129
2080,45.4421338,9.2179626
2081,45.4428889,9.2202652
2082,45.4410401,9.2148694
2083,45.4411092,9.2146973
2084,45.4440254,9.2230838
2085,45.4443672,9.2251307
2086,45.4445566,9.2277303
2087,45.4442532,9.2308996
2088,45.4580866,9.2178029
2089,45.4581362,9.2178416
2090,45.4577932,9.2175306
2091,45.4615933,9.2174917
2092,45.4413469,9.1753975
2093,45.444865,9.1761539
2094,45.4371487,9.169605
2095,45.4330369,9.1588528
2096,45.4511573,9.189506
2097,45.4319955,9.169598
2098,45.4342121,9.1718384
2099,45.4360654,9.1729094
2100,45.4346502,9.1637529
2101,45.4407235,9.1734007
2102,45.4433576,9.1758193
2103,45.4371381,9.169145
2104,45.447547,9.1805879
2105,45.431301,9.1562255
2106,45.4335456,9.1552068
2107,45.4335963,9.1552484
2108,45.4313171,9.1561674
2109,45.4329214,9.1547509
2110,45.4362737,9.1687921
2111,45.4362706,9.1687456
2112,45.4329074,9.1589021
2113,45.4330088,9.1589537
2114,45.4250986,9.1574706
2115,45.4250789,9.157459
2116,45.427826,9.1523824
2117,45.4278397,9.1523677
2118,45.4262392,9.1540399
2119,45.4262944,9.1539862
2120,45.4306785,9.1584743
2121,45.4308026,9.1520652
2122,45.4308421,9.1520088
2123,45.4299535,9.1509005
2124,45.4299773,9.1508518
2125,45.4284488,9.1506271
2126,45.4284874,9.150657
2127,45.4281355,9.1598668
2128,45.4281826,9.1598691
2129,45.4342879,9.1647666
2130,45.4342909,9.1646906
2131,45.4305342,9.1638552
2132,45.4305898,9.1638088
2133,45.4319274,9.1608825
2134,45.431922,9.1607829
2135,45.4341877,9.1544909
2136,45.4341901,9.1544097
2137,45.4731829,9.203628
2138,45.4549401,9.1721867
2139,45.4421063,9.148637
2140,45.4529306,9.1701891
2141,45.4529505,9.1701298
2142,45.4492604,9.1637624
2143,45.4493151,9.1637407
2144,45.4295378,9.1575526
2145,45.4285313,9.1505613
2146,45.428582,9.150608
2147,45.4292819,9.1596256
2148,45.4293051,9.1595676
2149,45.438147,9.1537854
2150,45.4398545,9.1515885
2151,45.4508225,9.1684526
2152,45.4354305,9.1545642
2153,45.4354375,9.1546818
2154,45.4431797,9.1491606
2155,45.4436645,9.1587675
2156,45.442091,9.1485327
2157,45.4494089,9.1641867
2158,45.449444,9.1641713
2159,45.4294432,9.1570829
2160,45.4289753,9.1531457
2161,45.433768,9.1624546
2162,45.4288544,9.1595541
2163,45.4288872,9.1594503
2164,45.4319207,9.1609373
2165,45.450675,9.1682231
2166,45.4506819,9.1681342
2167,45.4444692,9.1557003
2168,45.4282176,9.1599095
2169,45.4282861,9.1599373
2170,45.433412,9.1645759
2171,45.4303069,9.1629045
2172,45.4581043,9.1938497
2173,45.4598381,9.1954808
2174,45.4612302,9.19678
2175,45.4576857,9.1931284
2176,45.457731,9.19318
2177,45.4682942,9.1995944
2178,45.4664598,9.2004349
2179,45.4648517,9.1999549
2180,45.4579603,9.2171202
2181,45.4696724,9.1833372
2182,45.4696714,9.1833906
2183,45.4689122,9.1830795
2184,45.453288,9.2151584
2185,45.4536432,9.2152894
2186,45.5164305,9.1718998
2187,45.5149512,9.1728576
2188,45.5149626,9.1729273
2189,45.5126821,9.1744469
2190,45.5127002,9.174511
2191,45.5137066,9.1737954
2192,45.4770186,9.216541
2193,45.4777568,9.2153909
2194,45.4727256,9.1813819
2195,45.4683895,9.2172084
2196,45.4684462,9.2173623
2197,45.4659858,9.2172499
2198,45.4659859,9.2173743
2199,45.4706657,9.217317
2200,45.4709796,9.2171569
2201,45.4751548,9.2059039
2202,45.4762979,9.2067302
2203,45.470679,9.1815715
2204,45.4611832,9.2786741
2205,45.4706788,9.1547927
2206,45.4706859,9.1547817
2207,45.4709712,9.154742
2208,45.4714286,9.182637
2209,45.4694441,9.183207
2210,45.4683116,9.1996342
2211,45.4672881,9.2004403
2212,45.4821116,9.2163838
2213,45.4934406,9.292926
2214,45.4575125,9.2421088
2215,45.5111099,9.2541405
2216,45.5111425,9.2538937
2217,45.4628161,9.1984185
2218,45.4664646,9.2004699
2219,45.4648436,9.1999937
2220,45.4652685,9.2002988
2221,45.457607,9.2062636
2222,45.4397484,9.1998311
2223,45.4403221,9.1998249
2224,45.4366308,9.2070419
2225,45.4343649,9.2045499
2226,45.4714651,9.1731707
2227,45.4462233,9.1646462
2228,45.4459374,9.1983664
2229,45.5292208,9.1695078
2230,45.5318413,9.1723825
2231,45.5318887,9.1694006
2232,45.4578738,9.2430804
2233,45.4581204,9.2436644
2234,45.4576986,9.2413378
2235,45.4577383,9.2417362
2236,45.4586138,9.2230782
2237,45.4676061,9.1808233
2238,45.45331,9.2151129
2239,45.490555,9.2181654
2240,45.4905836,9.2180873
2241,45.4909066,9.218051
2242,45.4909367,9.2180132
2243,45.4950477,9.2194502
2244,45.4952461,9.2193908
2245,45.4950198,9.2192557
2246,45.4678262,9.1756346
2247,45.4673979,9.1765924
2248,45.4674813,9.1766482
2249,45.4848662,9.1956001
2250,45.4865478,9.2073854
2251,45.4866297,9.2072304
2252,45.4836539,9.1863386
2253,45.4855883,9.1823862
2254,45.4796102,9.2102274
2255,45.4796568,9.2101224
2256,45.4804129,9.211161
2257,45.4804492,9.2110738
2258,45.4493406,9.1860732
2259,45.449363,9.1861598
2260,45.4474623,9.1813248
2261,45.4475159,9.1813034
2262,45.4437066,9.1754997
2263,45.4797023,9.198558
2264,45.4523768,9.2022283
2265,45.4596645,9.206047
2266,45.4781408,9.1824872
2267,45.4782534,9.1822005
2268,45.4787571,9.1817266
2269,45.4516212,9.2022794
2270,45.456665,9.199335
2271,45.4592354,9.2392747
2272,45.4594721,9.2393538
2273,45.4879417,9.1961228
2274,45.4886377,9.1946877
2275,45.455228,9.2592099
2276,45.4398067,9.1879633
2277,45.4481161,9.1577783
2278,45.4482478,9.1578514
2279,45.4840294,9.2169686
2280,45.4464675,9.2415185
2281,45.4462143,9.2413179
2282,45.444361,9.2419334
2283,45.4531809,9.2216493
2284,45.4334444,9.249883
2285,45.4748411,9.2193989
2286,45.4371169,9.1972535
2287,45.4975171,9.231888
2288,45.5204072,9.1707289
2289,45.4373428,9.1680937
2290,45.4302356,9.1601497
2291,45.4309795,9.1523555
2292,45.4309915,9.1523214
2293,45.4298627,9.1508394
2294,45.4298841,9.1508033
2295,45.4334131,9.1646654
2296,45.4302452,9.1629451
2297,45.4346858,9.163801
2298,45.4481399,9.1604475
2299,45.4457575,9.1616997
2300,45.4294933,9.1575506
2301,45.4291175,9.1535002
2302,45.4421252,9.1486119
2303,45.4558751,9.1728338
2304,45.4559058,9.17288
2305,45.4482125,9.162669
2306,45.4444292,9.1556914
2307,45.4455637,9.1638972
2308,45.4372642,9.163295
2309,45.4373209,9.1632998
2310,45.515593,9.1108276
2311,45.5213226,9.1056545
2312,45.5175651,9.1008367
2313,45.519818,9.0988905
2314,45.5201743,9.0930644
2315,45.5210182,9.1095958
2316,45.5186088,9.1140072
2317,45.5162811,9.1047154
2318,45.5223117,9.099221
2319,45.4569992,9.1615116
2320,45.4530016,9.1734859
2321,45.4763141,9.118358
2322,45.4760729,9.1183719
2323,45.4015283,9.1795754
2324,45.4143059,9.1692568
2325,45.4600499,9.2242159
2326,45.4891689,9.2327694
2327,45.4784216,9.2213554
2328,45.4655627,9.2293256
2329,45.4653475,9.2324408
2330,45.4656088,9.2245538
2331,45.4655317,9.2253872
2332,45.5144231,9.2450174
2333,45.5144207,9.2455191
2334,45.4698899,9.2219949
2335,45.4696341,9.2218501
2336,45.4701581,9.2174379
2337,45.4685086,9.2174862
2338,45.4734755,9.2208048
2339,45.4727438,9.2174307
2340,45.4712138,9.217078
2341,45.4734641,9.2185786
2342,45.473904,9.2236621
2343,45.4738974,9.2238257
2344,45.4625566,9.2238217
2345,45.4629996,9.2239504
2346,45.5064774,9.1631634
2347,45.5012094,9.1300649
2348,45.5119654,9.1275865
2349,45.5226409,9.1015904
2350,45.5290557,9.1631853
2351,45.5044371,9.2683355
2352,45.4997298,9.2674155
2353,45.5058968,9.2679667
2354,45.497173,9.2662997
2355,45.4971578,9.2660368
2356,45.4997956,9.2673404
2357,45.5041326,9.2687592
2358,45.5105557,9.2669085
2359,45.5091873,9.2670024
2360,45.5070425,9.2678687
2361,45.5015383,9.2683489
2362,45.5084409,9.2670214
2363,45.5015383,9.2684857
2364,45.5113889,9.2605417
2365,45.4978009,9.2641083
2366,45.5120931,9.2671875
2367,45.4909101,9.2617909
2368,45.4911131,9.2614985
2369,45.4963082,9.257575
2370,45.4961595,9.2579827
2371,45.4969716,9.2629871
2372,45.4884544,9.2948868
2373,45.4896691,9.2961313
2374,45.4917711,9.2988993
2375,45.4963681,9.2999695
2376,45.4922224,9.299299
2377,45.4955282,9.2997934
2378,45.4987425,9.3008573
2379,45.4958715,9.2882858
2380,45.4996149,9.2927087
2381,45.5013463,9.2878244
2382,45.4392227,9.1431901
2383,45.4399236,9.1455789
2384,45.4707779,9.1342523
2385,45.472828,9.1329649
2386,45.4453387,9.1460991
2387,45.445506,9.146282
2388,45.4636918,9.0866028
2389,45.4637087,9.0862327
2390,45.4282917,9.2498019
2391,45.4280583,9.249826
2392,45.4259991,9.2514273
2393,45.4277666,9.2520898
2394,45.4259462,9.2511856
2395,45.4288989,9.2556302
2396,45.4276575,9.2517331
2397,45.4289281,9.2566331
2398,45.4288977,9.2566502
2399,45.4030843,9.173683
2400,45.4045833,9.1705306
2401,45.4045452,9.1708714
2402,45.5021152,9.2113106
2403,45.5022541,9.2114386
2404,45.5078347,9.2077895
2405,45.5270451,9.1785942
2406,45.4687145,9.2796108
2407,45.4694717,9.2779346
2408,45.4447658,9.2461642
2409,45.4129993,9.1718353
2410,45.4163796,9.1696527
2411,45.4150135,9.1696065
2412,45.4163182,9.1687837
2413,45.417399,9.1651511
2414,45.4172926,9.1653831
2415,45.519581,9.187081
2416,45.5178952,9.1868316
2417,45.5294211,9.1629591
2418,45.4479873,9.2545114
2419,45.4516959,9.2517807
2420,45.4495614,9.2528968
2421,45.4842398,9.2031803
2422,45.4482525,9.2546852
2423,45.4533479,9.2542132
2424,45.4489781,9.253165
2425,45.4515603,9.2517992
2426,45.455474,9.259208
2427,45.4505566,9.251531
2428,45.4505539,9.2510139
2429,45.4536621,9.2549457
2430,45.5042602,9.1763063
2431,45.4113177,9.1719646
2432,45.4386552,9.2241354
2433,45.438657,9.2242832
2434,45.4407574,9.2240416
2435,45.4373415,9.2234327
2436,45.4552577,9.2173736
2437,45.4548946,9.2176955
2438,45.4540498,9.219117
2439,45.4608474,9.2039978
2440,45.4597919,9.2069161
2441,45.461511,9.203425
2442,45.4621906,9.2019149
2443,45.4625527,9.1978688
2444,45.4622,9.1987285
2445,45.4622687,9.2036663
2446,45.462375,9.2001702
2447,45.4628434,9.1975188
2448,45.4623392,9.2034331
2449,45.4623015,9.2006101
2450,45.4302269,9.2455165
2451,45.5133036,9.2006312
2452,45.5141906,9.1974156
2453,45.5134595,9.2006124
2454,45.5143804,9.1973325
2455,45.4776506,9.0859882
2456,45.4660905,9.0805755
2457,45.4655581,9.0822063
2458,45.4557246,9.0912399
2459,45.4550378,9.1125903
2460,45.4550406,9.1131637
2461,45.4550706,9.1131536
2462,45.4514911,9.0942145
2463,45.4532127,9.0927447
2464,45.4501269,9.0961242
2465,45.4469271,9.1205015
2466,45.4429988,9.1232951
2467,45.4476539,9.120244
2468,45.4451798,9.1727523
2469,45.4445397,9.1675175
2470,45.4445304,9.167568
2471,45.4439529,9.1229088
2472,45.4360674,9.1245047
2473,45.4366245,9.1233297
2474,45.4619771,9.2359589
2475,45.4620769,9.2358261
2476,45.5052972,9.0934232
2477,45.504904,9.0932461
2478,45.4761383,9.1147526
2479,45.4306555,9.1768299
2480,45.4328326,9.1827892
2481,45.4508549,9.2045285
2482,45.4313673,9.1799614
2483,45.4326001,9.1828935
2484,45.4499377,9.2060212
2485,45.4313955,9.1805788
2486,45.4299746,9.1767756
2487,45.504819,9.0932078
2488,45.5047374,9.093171
2489,45.4376213,9.1879196
2490,45.4428745,9.1879819
2491,45.4337108,9.184543
2492,45.4369559,9.1875673
2493,45.4450969,9.1875339
2494,45.4397583,9.1876298
2495,45.4421918,9.1876778
2496,45.4464101,9.1875256
2497,45.4301439,9.1747211
2498,45.4212268,9.1668009
2499,45.4286495,9.1732267
2500,45.4270834,9.1724384
2501,45.4268273,9.1714567
2502,45.4263868,9.1699158
2503,45.4283173,9.1730633
2504,45.4258221,9.169437
2505,45.4132194,9.1646197
2506,45.429992,9.174267
2507,45.4204154,9.1664383
2508,45.4140846,9.170926
2509,45.4014818,9.1795219
2510,45.4086454,9.1710364
2511,45.406714,9.1700816
2512,45.4027309,9.1750939
2513,45.4115101,9.1719301
2514,45.4125231,9.1722774
2515,45.4062313,9.1697823
2516,45.4087974,9.1708537
2517,45.4025531,9.1758906
2518,45.4037202,9.1731265
2519,45.403039,9.1736319
2520,45.4866294,9.2470961
2521,45.4944676,9.2649125
2522,45.4943847,9.263548
2523,45.4941606,9.2793163
2524,45.4936193,9.2784151
2525,45.4921065,9.2995425
2526,45.4956836,9.2950668
2527,45.4935951,9.2906917
2528,45.4975377,9.2936931
2529,45.4900775,9.2918153
2530,45.4882156,9.2983038
2531,45.4900304,9.2919038
2532,45.490957,9.288436
2533,45.5003125,9.284579
2534,45.4937342,9.2951388
2535,45.4920482,9.2884408
2536,45.4981016,9.2848474
2537,45.4874145,9.2921777
2538,45.4862363,9.2022017
2539,45.4868663,9.2020524
2540,45.4898833,9.200669
2541,45.4691133,9.1166458
2542,45.4689553,9.1169435
2543,45.4627194,9.1946476
2544,45.4627321,9.1941253
2545,45.461647,9.1893152
2546,45.4292178,9.2571429
2547,45.4293815,9.256931
2548,45.4290917,9.2564053
2549,45.4293118,9.2568651
2550,45.4292949,9.257041
2551,45.4339632,9.2375168
2552,45.4389961,9.2242774
2553,45.4332422,9.2222579
2554,45.4323972,9.2234058
2555,45.4369447,9.2233601
2556,45.4320018,9.2235909
2557,45.4335132,9.2216329
2558,45.4351868,9.2205492
2559,45.4416758,9.221067
2560,45.435636,9.2231388
2561,45.4292266,9.2561878
2562,45.4295476,9.256734
2563,45.4294964,9.2566469
2564,45.429078,9.2559349
2565,45.4293657,9.2564245
2566,45.4295946,9.2568139
2567,45.429359,9.25714
2568,45.4296461,9.2569016
2569,45.5097895,9.2482576
2570,45.4132554,9.1646414
2571,45.4845486,9.2176492
2572,45.4790704,9.1979694
2573,45.4859872,9.226064
2574,45.5140742,9.2363057
2575,45.4498838,9.1367201
2576,45.4371534,9.1929085
2577,45.4868998,9.2540605
2578,45.4366624,9.1234253
2579,45.498083,9.284697
2580,45.4946944,9.2111964
2581,45.4949487,9.2116766
2582,45.4921899,9.2089701
2583,45.4923581,9.2088574
2584,45.4912372,9.2078043
2585,45.4961104,9.2881895
2586,45.5294109,9.1671357
2587,45.5123879,9.2217322
2588,45.5092191,9.2135529
2589,45.5117519,9.2192234
2590,45.5124558,9.224035
2591,45.5096543,9.2138721
2592,45.5110005,9.2154458
2593,45.4550221,9.1310466
2594,45.437287,9.1841182
2595,45.5101298,9.2105369
2596,45.5110356,9.2107996
2597,45.5107659,9.2034834
2598,45.4738611,9.2169952
2599,45.4859813,9.2179945
2600,45.4859341,9.2180005
2601,45.4861226,9.2268873
2602,45.4860737,9.2215531
2603,45.4861711,9.2291772
2604,45.486102,9.2240683
2605,45.485457,9.235153
2606,45.483048,9.2168103
2607,45.4794494,9.2130996
2608,45.5019781,9.2104107
2609,45.5064142,9.2112615
2610,45.5042778,9.2120991
2611,45.5173857,9.2252031
2612,45.5179082,9.2216733
2613,45.5161903,9.2193234
2614,45.5134387,9.2171374
2615,45.5115423,9.215402
2616,45.5162187,9.2191791
2617,45.5116082,9.2152496
2618,45.518395,9.220834
2619,45.5132985,9.2168435
2620,45.5202274,9.2224567
2621,45.5018317,9.2101722
2622,45.5041137,9.2117624
2623,45.4831019,9.2172388
2624,45.486023,9.2293094
2625,45.4852068,9.2355133
2626,45.4575966,9.2208154
2627,45.4481458,9.2415526
2628,45.4443718,9.242682
2629,45.4445938,9.2451952
2630,45.4450228,9.2496959
2631,45.4447669,9.2512597
2632,45.4479272,9.2413391
2633,45.4443481,9.2652269
2634,45.4445005,9.2628585
2635,45.4952262,9.1647254
2636,45.4765912,9.1224913
2637,45.4678858,9.1752602
2638,45.4675652,9.170442
2639,45.4675748,9.1675597
2640,45.4677174,9.1709289
2641,45.466799,9.1663149
2642,45.4455435,9.2128242
2643,45.431618,9.1478933
2644,45.43369,9.1455067
2645,45.4353276,9.1450747
2646,45.4296715,9.1500823
2647,45.4298164,9.1501979
2648,45.4868439,9.2033644
2649,45.4193722,9.1569783
2650,45.4723882,9.1425595
2651,45.472254,9.1430169
2652,45.4698053,9.1460436
2653,45.4701702,9.1457191
2654,45.4670458,9.1497075
2655,45.4503736,9.2137376
2656,45.4956192,9.1815824
2657,45.5085935,9.2236452
2658,45.4599184,9.1716871
2659,45.4627494,9.1721322
2660,45.5160582,9.2064972
2661,45.5152472,9.20836
2662,45.5152528,9.2086376
2663,45.4709459,9.1938029
2664,45.4996056,9.2118693
2665,45.4997032,9.2120172
2666,45.4975543,9.2126348
2667,45.4892861,9.1923583
2668,45.4721186,9.1670194
2669,45.4721475,9.1669803
2670,45.4725483,9.1675957
2671,45.4725745,9.1675545
2672,45.4708122,9.1649969
2673,45.4709024,9.1641587
2674,45.4516354,9.1029683
2675,45.4508572,9.1018202
2676,45.4424637,9.1562496
2677,45.5114939,9.2582961
2678,45.5088091,9.2558226
2679,45.5088317,9.2557717
2680,45.5069852,9.2532455
2681,45.5063955,9.2526442
2682,45.5042319,9.249726
2683,45.5043747,9.2500183
2684,45.5022415,9.2470748
2685,45.5020952,9.2471553
2686,45.4971181,9.2389489
2687,45.4971275,9.2388872
2688,45.4991485,9.2414782
2689,45.4944107,9.237357
2690,45.4876709,9.2422171
2691,45.4860809,9.2411644
2692,45.4935936,9.2377163
2693,45.4766252,9.115353
2694,45.4715932,9.1730918
2695,45.4715972,9.1729836
2696,45.4735492,9.1691491
2697,45.5316066,9.1611652
2698,45.4781045,9.1808296
2699,45.4406845,9.1481929
2700,45.5000736,9.1480755
2701,45.4677366,9.2052232
2702,45.476517,9.2301071
2703,45.4772404,9.2299573
2704,45.4790141,9.2301166
2705,45.4794475,9.2310318
2706,45.4800088,9.2336556
2707,45.4807041,9.2346916
2708,45.4809482,9.235978
2709,45.4816583,9.2364997
2710,45.5062464,9.2009481
2711,45.5099105,9.2056394
2712,45.4583898,9.1784638
2713,45.4580275,9.1767011
2714,45.4784194,9.2031082
2715,45.4561755,9.1867207
2716,45.4560478,9.187191
2717,45.4560182,9.187186
2718,45.5069329,9.2058145
2719,45.4540528,9.1990082
2720,45.5144744,9.2226027
2721,45.4433257,9.1980945
2722,45.4385534,9.1389593
2723,45.4337753,9.2372687
2724,45.4751853,9.1896329
2725,45.4617384,9.189353
2726,45.4617083,9.1894027
2727,45.460068,9.1901019
2728,45.4600474,9.1901279
2729,45.4626979,9.1941545
2730,45.4626523,9.2008175
2731,45.4626913,9.2008334
2732,45.4622738,9.1935715
2733,45.4623072,9.1935322
2734,45.4439973,9.2054061
2735,45.4991389,9.150755
2736,45.4949224,9.2160769
2737,45.5015505,9.1662715
2738,45.4914425,9.1530802
2739,45.4914212,9.1530487
2740,45.4932838,9.1512506
2741,45.4946855,9.1534339
2742,45.4680114,9.1759986
2743,45.4681243,9.1727733
2744,45.4702681,9.1699315
2745,45.4884585,9.1564544
2746,45.4884538,9.1563468
2747,45.4893441,9.21408
2748,45.4907793,9.2155807
2749,45.4925886,9.2164289
2750,45.4783043,9.2025803
2751,45.4727529,9.1952234
2752,45.4692966,9.1920034
2753,45.4663542,9.1888558
2754,45.4655805,9.1878406
2755,45.4662055,9.1861696
2756,45.4682761,9.1825546
2757,45.4897602,9.2143006
2758,45.4913283,9.2158784
2759,45.4934144,9.2162291
2760,45.4681746,9.1819464
2761,45.4689002,9.1846186
2762,45.4656501,9.1871191
2763,45.4676333,9.190099
2764,45.4703123,9.1929522
2765,45.476006,9.194771
2766,45.4780244,9.1976344
2767,45.4781003,9.1974648
2768,45.476902,9.2011222
2769,45.4787752,9.2028626
2770,45.4945327,9.1534433
2771,45.4956392,9.1551371
2772,45.4886047,9.156503
2773,45.472064,9.1678179
2774,45.4699202,9.170597
2775,45.4684831,9.1724789
2776,45.4447784,9.1421706
2777,45.4440109,9.1397988
2778,45.4482643,9.1586283
2779,45.4482253,9.1586937
2780,45.4475526,9.1553768
2781,45.4465041,9.1506377
2782,45.445743,9.1471737
2783,45.4989955,9.1692506
2784,45.4989457,9.1692308
2785,45.5018212,9.1659406
2786,45.4616427,9.1855647
2787,45.4633119,9.1877011
2788,45.4694052,9.1851859
2789,45.4726138,9.1812121
2790,45.4786175,9.1807992
2791,45.4463149,9.1493497
2792,45.448677,9.1604103
2793,45.459752,9.1798563
2794,45.4607818,9.1833519
2795,45.4721792,9.1820249
2796,45.4694762,9.1852784
2797,45.4645179,9.1872663
2798,45.4634402,9.1879821
2799,45.4615282,9.1855433
2800,45.460037,9.1808578
2801,45.4584732,9.177443
2802,45.497715,9.3066862
2803,45.5049017,9.2465549
2804,45.5158877,9.2447382
2805,45.4550977,9.1546691
2806,45.5060607,9.1037944
2807,45.5063108,9.103989
2808,45.5084169,9.1009359
2809,45.5086945,9.1011359
2810,45.5123736,9.1009513
2811,45.511344,9.1051128
2812,45.5110825,9.1051013
2813,45.508371,9.1065436
2814,45.5085543,9.1063859
2815,45.5104869,9.1092782
2816,45.5110313,9.125309
2817,45.5114578,9.144988
2818,45.5113564,9.1451015
2819,45.5095896,9.1477955
2820,45.5092506,9.1478227
2821,45.4832502,9.1810834
2822,45.4832167,9.1809996
2823,45.4830772,9.1816079
2824,45.4850988,9.1819298
2825,45.4891349,9.1830414
2826,45.4916805,9.1841163
2827,45.4977841,9.185017
2828,45.4942547,9.1851818
2829,45.4909512,9.1838061
2830,45.489227,9.1831434
2831,45.4892353,9.1830844
2832,45.4732072,9.235011
2833,45.4696337,9.1765883
2834,45.4638563,9.1965893
2835,45.4345559,9.236066
2836,45.4318016,9.2429694
2837,45.4317815,9.2445391
2838,45.4311481,9.2459889
2839,45.4344131,9.2492817
2840,45.4303985,9.2479154
2841,45.434971,9.2487614
2842,45.4357167,9.2468232
2843,45.4344323,9.2452829
2844,45.4327741,9.2410667
2845,45.4313938,9.2430837
2846,45.4630876,9.1965898
2847,45.4630865,9.1963994
2848,45.407507,9.2081415
2849,45.407636,9.2077067
2850,45.4140493,9.2064927
2851,45.4138927,9.2061293
2852,45.4876076,9.2038215
2853,45.4764036,9.223626
2854,45.4543339,9.1008719
2855,45.4858886,9.2063296
2856,45.4839756,9.1501067
2857,45.4661473,9.2351957
2858,45.5316654,9.1611694
2859,45.5283587,9.1634734
2860,45.525825,9.1647505
2861,45.5254889,9.1648103
2862,45.522218,9.1661286
2863,45.5238132,9.1651123
2864,45.5266338,9.1643338
2865,45.5290495,9.1631378
2866,45.5309268,9.1622559
2867,45.4835126,9.2078862
2868,45.4825676,9.2062803
2869,45.4837767,9.2080477
2870,45.4825724,9.2067828
2871,45.4857428,9.206193
2872,45.486072,9.206518
2873,45.4791814,9.2342913
2874,45.4898591,9.1272105
2875,45.4897565,9.127324
2876,45.4896495,9.1274422
2877,45.4895094,9.1275972
2878,45.4899243,9.127333
2879,45.4899719,9.1274577
2880,45.4900155,9.1272316
2881,45.4900714,9.1273453
2882,45.4898155,9.127454
2883,45.489714,9.1275656
2884,45.4895768,9.1277175
2885,45.4898743,9.127568
2886,45.4897695,9.1276867
2887,45.4896355,9.1278382
2888,45.4899193,9.1276793
2889,45.4898303,9.1277845
2890,45.4896882,9.127944
2891,45.4897465,9.128067
2892,45.4898799,9.1279191
2893,45.494421,9.2064675
2894,45.4291957,9.2571611
2895,45.4687009,9.2241029
2896,45.4769884,9.2417817
2897,45.4742971,9.2417092
2898,45.4706823,9.1095004
2899,45.4147116,9.1753321
2900,45.5184896,9.2104646
2901,45.4899441,9.1271166
2902,45.4892201,9.1449497
2903,45.4655026,9.2074139
2904,45.4800484,9.2344111
2905,45.4778391,9.2344262
2906,45.4641847,9.2352238
2907,45.4621803,9.2360003
2908,45.4618501,9.2397353
2909,45.4610487,9.2424256
2910,45.4605463,9.2452846
2911,45.4605934,9.2452687
2912,45.4468341,9.2547023
2913,45.4445199,9.2625906
2914,45.4424877,9.2641993
2915,45.4401089,9.2640306
2916,45.438624,9.2644572
2917,45.4370967,9.2660999
2918,45.4629017,9.232429
2919,45.4673808,9.2323807
2920,45.4696023,9.2350012
2921,45.4738569,9.2343186
2922,45.4766158,9.2343111
2923,45.4879459,9.2042091
2924,45.4517092,9.1342239
2925,45.4735022,9.2339043
2926,45.4734752,9.232024
2927,45.4734565,9.2293579
2928,45.4734496,9.227617
2929,45.4734157,9.2243394
2930,45.4733257,9.221674
2931,45.473387,9.2216735
2932,45.4727473,9.2173433
2933,45.4704206,9.2173831
2934,45.4685019,9.2174287
2935,45.4676341,9.2140324
2936,45.4675986,9.2109753
2937,45.4674081,9.2045221
2938,45.4661116,9.202286
2939,45.4657258,9.1998173
2940,45.4655204,9.1982253
2941,45.4637864,9.1975522
2942,45.4637633,9.1976387
2943,45.472516,9.194472
2944,45.4701397,9.1917438
2945,45.46927,9.1892362
2946,45.4689624,9.1765373
2947,45.4704377,9.1644051
2948,45.4691734,9.1624473
2949,45.4681998,9.1609503
2950,45.4656089,9.1575921
2951,45.4656003,9.1551862
2952,45.4626638,9.1550281
2953,45.459395,9.1548585
2954,45.455096,9.1546124
2955,45.4882156,9.148914
2956,45.4889167,9.1495497
2957,45.4875798,9.2038774
2958,45.512483,9.2657789
2959,45.4974813,9.2626293
2960,45.4847156,9.1438578
2961,45.4822322,9.1432526
2962,45.4788451,9.1442066
2963,45.4788922,9.1442775
2964,45.4777567,9.1460955
2965,45.4796338,9.1489776
2966,45.4814179,9.1517243
2967,45.482946,9.1540404
2968,45.483658,9.1551143
2969,45.4862981,9.1581735
2970,45.4930814,9.1503628
2971,45.4927284,9.1482136
2972,45.4914717,9.1475277
2973,45.4910157,9.1453712
2974,45.4895626,9.1427538
2975,45.5114847,9.2605242
2976,45.4738469,9.2446332
2977,45.4916275,9.236638
2978,45.5207996,9.1240751
2979,45.5147912,9.2129575
2980,45.5224132,9.1667113
2981,45.520944,9.1648799
2982,45.5214577,9.164653
2983,45.5214397,9.1645981
2984,45.5209326,9.1648445
2985,45.5189336,9.1642669
2986,45.5191383,9.1647272
2987,45.5172585,9.1590693
2988,45.5168815,9.1574487
2989,45.5130638,9.1854115
2990,45.5130315,9.1854029
2991,45.5135146,9.1845939
2992,45.5135557,9.1845964
2993,45.5223911,9.1639958
2994,45.5121774,9.1562742
2995,45.5121324,9.1562959
2996,45.512022,9.1557968
2997,45.5119945,9.1558064
2998,45.5152418,9.1568699
2999,45.5156858,9.1567581
3000,45.5156938,9.1567987
3001,45.5115269,9.2557041
3002,45.5118523,9.2561081
3003,45.5135608,9.1932035
3004,45.5140191,9.1930948
3005,45.5087823,9.2016625
3006,45.5087895,9.2016274
3007,45.4689466,9.1765584
3008,45.4843305,9.2360634
3009,45.5246612,9.1918188
3010,45.524652,9.1917828
3011,45.525063,9.1915742
3012,45.5250715,9.1916052
3013,45.5076861,9.1947334
3014,45.5256922,9.1661291
3015,45.5125171,9.2240526
3016,45.5133112,9.2386683
3017,45.5144049,9.2362346
3018,45.5135066,9.2339977
3019,45.5138054,9.2340039
3020,45.4257967,9.1694947
3021,45.5124329,9.2216825
3022,45.4728104,9.2171504
3023,45.4400179,9.1380657
3024,45.513534,9.212463
3025,45.5135353,9.2124073
3026,45.5101405,9.2104821
3027,45.5075168,9.2103329
3028,45.507498,9.2102627
3029,45.5042997,9.2120156
3030,45.5021997,9.2114286
3031,45.4996958,9.2119358
3032,45.4977465,9.2127268
3033,45.4977169,9.2126576
3034,45.4944638,9.2145883
3035,45.4944829,9.214493
3036,45.492153,9.2123607
3037,45.4921934,9.2122526
3038,45.4916105,9.2068802
3039,45.4916091,9.206822
3040,45.4922442,9.2088957
3041,45.4881302,9.2033448
3042,45.5173302,9.2307844
3043,45.5173509,9.2308794
3044,45.5169009,9.2270274
3045,45.516843,9.2270062
3046,45.5206041,9.2270196
3047,45.5227247,9.2276651
3048,45.5225537,9.2214973
3049,45.5201187,9.2181734
3050,45.5200416,9.2181216
3051,45.5209508,9.2152047
3052,45.515957,9.2137841
3053,45.5159473,9.2138332
3054,45.488144,9.204827
3055,45.4912005,9.2078797
3056,45.4923143,9.2089641
3057,45.493777,9.2104435
3058,45.4938102,9.2103732
3059,45.4935222,9.2135521
3060,45.4935541,9.2134926
3061,45.4950815,9.2150848
3062,45.4951151,9.2150181
3063,45.497562,9.2127138
3064,45.499617,9.211963
3065,45.5021438,9.2113303
3066,45.5040834,9.2118719
3067,45.5071964,9.2105515
3068,45.5071768,9.2104925
3069,45.5089464,9.2088658
3070,45.5089188,9.2088
3071,45.5110204,9.2108674
3072,45.5147793,9.2130114
3073,45.5168383,9.2135354
3074,45.5168181,9.2135234
3075,45.5181937,9.2127561
3076,45.5182136,9.2126738
3077,45.520693,9.2141725
3078,45.5207094,9.2140947
3079,45.5200994,9.2182454
3080,45.5222738,9.2212296
3081,45.5229568,9.2278691
3082,45.520258,9.2276312
3083,45.5203156,9.2276493
3084,45.5192952,9.2302813
3085,45.5193017,9.2303637
3086,45.4356659,9.2188013
3087,45.4367848,9.2159347
3088,45.4368389,9.2130172
3089,45.4372421,9.1870936
3090,45.5236602,9.2076065
3091,45.4868653,9.2024459
3092,45.5024434,9.1239607
3093,45.5031243,9.1213771
3094,45.5013633,9.1263116
3095,45.4901892,9.1510067
3096,45.4917909,9.1474465
3097,45.4943513,9.1418005
3098,45.4963334,9.1374265
3099,45.497934,9.1338969
3100,45.499733,9.129927
3101,45.48772,9.161398
3102,45.4878441,9.1574974
3103,45.4779961,9.1804236
3104,45.4817108,9.1789316
3105,45.4836553,9.1777629
3106,45.4875423,9.1682437
3107,45.4876212,9.1651699
3108,45.4580526,9.1766619
3109,45.4410165,9.1186892
3110,45.4427677,9.1240852
3111,45.4447493,9.1302026
3112,45.4464034,9.1353142
3113,45.4476499,9.1392172
3114,45.4487142,9.1425189
3115,45.4493553,9.1444887
3116,45.4521872,9.1532589
3117,45.4541985,9.1593059
3118,45.4552809,9.1627891
3119,45.4562766,9.165935
3120,45.4570837,9.1686394
3121,45.4553188,9.1726685
3122,45.4418955,9.1170782
3123,45.5290627,9.1713108
3124,45.444666,9.1302616
3125,45.4424576,9.1234066
3126,45.440842,9.1184807
3127,45.4606668,9.18301
3128,45.4570889,9.175424
3129,45.4553462,9.1720343
3130,45.4570433,9.1689694
3131,45.4562864,9.1661537
3132,45.455203,9.1628572
3133,45.4538476,9.1586374
3134,45.448947,9.1434584
3135,45.4476211,9.1393625
3136,45.4460369,9.1344935
3137,45.5116845,9.2467613
3138,45.5032398,9.1207406
3139,45.5033021,9.1222685
3140,45.502217,9.1246179
3141,45.5012112,9.1268442
3142,45.500118,9.1292524
3143,45.4981016,9.1337116
3144,45.4928229,9.1453533
3145,45.4898908,9.1518334
3146,45.4879171,9.1570682
3147,45.487813,9.1615476
3148,45.4877122,9.1649299
3149,45.4876029,9.1689351
3150,45.4838476,9.1777092
3151,45.4815171,9.1791013
3152,45.4795702,9.17992
3153,45.478036,9.1805349
3154,45.5173566,9.2443065
3155,45.5064318,9.2113555
3156,45.4992189,9.1693329
3157,45.444239,9.1394969
3158,45.4525487,9.1699328
3159,45.4472937,9.1541171
3160,45.508596,9.1383347
3161,45.5086226,9.1379897
3162,45.4520472,9.1302351
3163,45.5214068,9.2118601
3164,45.5194341,9.2106968
3165,45.4852883,9.1491458
3166,45.5116093,9.2022135
3167,45.5114547,9.1442944
3168,45.4643317,9.1869907
3169,45.4532175,9.1802493
3170,45.4568479,9.1808213
3171,45.4595738,9.1811056
3172,45.4332562,9.1777012
3173,45.4438375,9.1790118
3174,45.449014,9.1796609
3175,45.4571722,9.1809694
3176,45.4535301,9.1804739
3177,45.4517803,9.1801581
3178,45.4486233,9.1797262
3179,45.4831243,9.1994596
3180,45.484303,9.2001942
3181,45.4868498,9.2019148
3182,45.4897048,9.2047447
3183,45.4609368,9.1635559
3184,45.4572997,9.1690725
3185,45.4678877,9.165308
3186,45.4596956,9.1654006
3187,45.4639087,9.164093
3188,45.466522,9.164907
3189,45.4701858,9.165998
3190,45.4843182,9.1780452
3191,45.5098247,9.2480809
3192,45.5113706,9.2605392
3193,45.4180742,9.2369564
3194,45.4301745,9.2453977
3195,45.4427947,9.2187993
3196,45.4524402,9.1795231
3197,45.4529781,9.1725994
3198,45.4740873,9.2953612
3199,45.4553618,9.1535995
3200,45.4473184,9.1540779
3201,45.4472856,9.1541325
3202,45.4895551,9.1279292
3203,45.4896096,9.1280322
3204,45.4896747,9.1281466
3205,45.4894179,9.1276983
3206,45.4894879,9.127816
3207,45.4897369,9.1282623
3208,45.4444574,9.1405016
3209,45.4444108,9.1405479
3210,45.444462,9.1410503
3211,45.4445034,9.1409948
3212,45.4480989,9.157677
3213,45.4455272,9.1458592
3214,45.4457878,9.1471136
3215,45.4412867,9.1303313
3216,45.4398076,9.1268823
3217,45.4397836,9.1269601
3218,45.4387656,9.1253784
3219,45.4381789,9.1237544
3220,45.4382231,9.1237103
3221,45.4376961,9.1216539
3222,45.4376581,9.1217065
3223,45.4560327,9.1727616
3224,45.4436961,9.1391523
3225,45.4525377,9.1699902
3226,45.4434295,9.1677364
3227,45.4480625,9.1576779
3228,45.4363365,9.1246111
3229,45.437348,9.1230403
3230,45.4369302,9.2154828
3231,45.4658467,9.2237815
3232,45.4858657,9.2063822
3233,45.4857227,9.2062421
3234,45.4856666,9.2061128
3235,45.485646,9.2061669
3236,45.4523556,9.1173607
3237,45.4476474,9.1202149
3238,45.443934,9.1228341
3239,45.4360884,9.1244768
3240,45.4408879,9.1398271
3241,45.4389204,9.1387412
3242,45.4383399,9.1406967
3243,45.4499368,9.1366919
3244,45.4509097,9.1332951
3245,45.4481027,9.1310002
3246,45.4472787,9.1284841
3247,45.4460784,9.124769
3248,45.4451218,9.121164
3249,45.4557257,9.1543524
3250,45.4557202,9.1543559
3251,45.454877,9.1522308
3252,45.4542404,9.1499853
3253,45.4530836,9.1464153
3254,45.451005,9.1399824
3255,45.4676399,9.1704425
3256,45.4668051,9.166261
3257,45.4633207,9.1651201
3258,45.4614284,9.1623724
3259,45.4601284,9.1600663
3260,45.456909,9.1580075
3261,45.4572202,9.159384
3262,45.4676603,9.1808072
3263,45.4678309,9.1752675
3264,45.4676573,9.1709383
3265,45.4675142,9.1675696
3266,45.4653566,9.1655332
3267,45.4635068,9.164326
3268,45.4613543,9.1621842
3269,45.4570806,9.1585358
3270,45.4522794,9.1534033
3271,45.4539227,9.1493861
3272,45.4531775,9.1462504
3273,45.4522342,9.1418315
3274,45.4510184,9.1395872
3275,45.4499874,9.1364157
3276,45.451104,9.133969
3277,45.4503671,9.1314275
3278,45.448795,9.1312191
3279,45.4467859,9.1265338
3280,45.4461022,9.1244138
3281,45.4451214,9.1206302
3282,45.4437252,9.116341
3283,45.4539511,9.1494931
3284,45.4523052,9.1533896
3285,45.4571717,9.1584798
3286,45.4437604,9.1156162
3287,45.4939245,9.1241741
3288,45.4959229,9.1228181
3289,45.4969712,9.120191
3290,45.4972172,9.117121
3291,45.4969702,9.1142964
3292,45.4825634,9.1440726
3293,45.4835621,9.1417822
3294,45.484433,9.1402025
3295,45.4858767,9.1374684
3296,45.4871858,9.1309963
3297,45.4886356,9.1264897
3298,45.4895195,9.1196682
3299,45.4915931,9.1178335
3300,45.4923942,9.1177872
3301,45.4935114,9.1204364
3302,45.4743469,9.1501175
3303,45.4762511,9.1476148
3304,45.4785626,9.1471615
3305,45.4794319,9.1482123
3306,45.481378,9.145634
3307,45.4557526,9.1623774
3308,45.456985,9.161443
3309,45.4600669,9.1592114
3310,45.4680987,9.1664288
3311,45.4721375,9.1625528
3312,45.4736114,9.1606047
3313,45.4735242,9.1546569
3314,45.4655623,9.1658592
3315,45.4576364,9.1613717
3316,45.4547819,9.1631124
3317,45.4734824,9.1561791
3318,45.4738485,9.1604851
3319,45.4725484,9.1621881
3320,45.4708018,9.1642893
3321,45.4698466,9.165576
3322,45.4679877,9.165414
3323,45.4972895,9.1136076
3324,45.497153,9.1166611
3325,45.4970897,9.119895
3326,45.4959384,9.1227791
3327,45.4940981,9.1241108
3328,45.4934937,9.1200928
3329,45.4925675,9.1180694
3330,45.4897716,9.1194459
3331,45.4894878,9.1241254
3332,45.4852248,9.1391098
3333,45.4835581,9.1423663
3334,45.4823806,9.1443154
3335,45.4809021,9.1462661
3336,45.4790524,9.148703
3337,45.4778935,9.1505235
3338,45.474795,9.1514494
3339,45.4306183,9.1768301
3340,45.4855304,9.2094108
3341,45.484227,9.2158547
3342,45.4852654,9.2355409
3343,45.4917724,9.2366953
3344,45.5053429,9.2476718
3345,45.4837957,9.186881
3346,45.4853134,9.1959672
3347,45.4714675,9.1827086
3348,45.4858292,9.1824574
3349,45.4586593,9.1699323
3350,45.4586853,9.1698664
3351,45.4626721,9.1737997
3352,45.4423776,9.1555662
3353,45.4435108,9.1678342
3354,45.4434385,9.1678355
3355,45.4306141,9.177103
3356,45.4306526,9.1771017
3357,45.4373301,9.1680251
3358,45.4374176,9.1680446
3359,45.4397513,9.1877016
3360,45.4421909,9.1877452
3361,45.4451015,9.1876088
3362,45.4046258,9.1706186
3363,45.4062264,9.1699
3364,45.4087938,9.1709451
3365,45.4114546,9.1719927
3366,45.4143002,9.1693403
3367,45.4163097,9.1689024
3368,45.4173345,9.1653918
3369,45.4212156,9.1668385
3370,45.4270187,9.1724455
3371,45.4283152,9.1731323
3372,45.4313274,9.1799924
3373,45.4327987,9.18282
3374,45.4336393,9.1846153
3375,45.4369528,9.1876808
3376,45.4026834,9.1750837
3377,45.402591,9.175903
3378,45.4356795,9.1878279
3379,45.4339945,9.1855098
3380,45.4132505,9.1646528
3381,45.4132145,9.1646288
3382,45.5115471,9.2021892
3383,45.5099251,9.2055736
3384,45.5078231,9.2033804
3385,45.507783,9.2033505
3386,45.5085825,9.2011447
3387,45.5085406,9.2011169
3388,45.5102594,9.1999098
3389,45.5107571,9.2321615
3390,45.5117782,9.2192018
3391,45.5110376,9.2154668
3392,45.5096642,9.2137968
3393,45.5114606,9.2603052
3394,45.5114982,9.2602971
3395,45.5121602,9.2589022
3396,45.5114907,9.2557447
3397,45.5111427,9.2543248
3398,45.5111995,9.2543115
3399,45.5098241,9.2482261
3400,45.5117099,9.2466302
3401,45.5144382,9.24509
3402,45.5160885,9.2441375
3403,45.5161101,9.2442341
3404,45.5167082,9.2416712
3405,45.5167586,9.2416461
3406,45.5143156,9.2417899
3407,45.5143036,9.2417252
3408,45.5133293,9.2393001
3409,45.5132639,9.2386782
3410,45.5140652,9.2362538
3411,45.5137948,9.2339382
3412,45.5115632,9.2349223
3413,45.5133848,9.2392655
3414,45.5143429,9.241641
3415,45.5143582,9.2417027
3416,45.5155011,9.2411475
3417,45.515519,9.2412142
3418,45.5158729,9.244648
3419,45.5143961,9.2453987
3420,45.5117787,9.2467392
3421,45.5117608,9.2466082
3422,45.509772,9.2481402
3423,45.5111203,9.2539051
3424,45.5126484,9.2328098
3425,45.5135164,9.2340634
3426,45.5143928,9.2361711
3427,45.5126317,9.2294874
3428,45.513924,9.2244078
3429,45.5144246,9.2225877
3430,45.5153917,9.2193009
3431,45.5154255,9.2193103
3432,45.5107694,9.203444
3433,45.5086066,9.2022141
3434,45.5085951,9.2022776
3435,45.5062548,9.2009004
3436,45.5052443,9.2013781
3437,45.5053008,9.2014146
3438,45.506894,9.2058168
3439,45.507819,9.2078077
3440,45.5075175,9.2103296
3441,45.5092128,9.2136336
3442,45.5132783,9.216932
3443,45.437636,9.1685871
3444,45.4425459,9.1562069
3445,45.4382386,9.1551704
3446,45.4625677,9.1738323
3447,45.4598993,9.1716422
3448,45.4676117,9.1808702
3449,45.4780522,9.1808029
3450,45.4780546,9.180885
3451,45.5050297,9.2472656
3452,45.4994315,9.2399481
3453,45.4905885,9.2370152
3454,45.484766,9.2364485
3455,45.4840845,9.2159669
3456,45.4841531,9.2160055
3457,45.4855208,9.2094296
3458,45.4881651,9.2041448
3459,45.5175156,9.1419312
3460,45.5154332,9.1442754
3461,45.5144278,9.1458547
3462,45.5135986,9.1476783
3463,45.5007272,9.1418081
3464,45.5022288,9.1400765
3465,45.5121514,9.1371155
3466,45.51346,9.1366553
3467,45.5166662,9.1363909
3468,45.5171269,9.1394084
3469,45.4819867,9.1676993
3470,45.4835068,9.1645195
3471,45.4851758,9.161832
3472,45.4867021,9.1593354
3473,45.4955641,9.1474664
3474,45.4980065,9.1449106
3475,45.46944,9.183282
3476,45.4751417,9.1814282
3477,45.4773681,9.1802494
3478,45.4777834,9.1767835
3479,45.4793651,9.1732718
3480,45.4806577,9.1706113
3481,45.5008257,9.1301516
3482,45.4687304,9.2838341
3483,45.4687754,9.2796111
3484,45.469472,9.2779112
3485,45.4707898,9.2617943
3486,45.4700892,9.2636916
3487,45.470816,9.2617906
3488,45.4710352,9.2565059
3489,45.4712282,9.2496248
3490,45.4709639,9.246289
3491,45.4700191,9.2444511
3492,45.4694961,9.2371898
3493,45.4680617,9.2325681
3494,45.4677577,9.2270605
3495,45.4677868,9.2309819
3496,45.4676187,9.2244029
3497,45.517623,9.1198412
3498,45.5003367,9.1401582
3499,45.4978375,9.1418789
3500,45.4955715,9.1434748
3501,45.4940899,9.1445142
3502,45.4799229,9.1431452
3503,45.4622463,9.2309893
3504,45.5008754,9.1306506
3505,45.4539163,9.2239009
3506,45.4811429,9.2236474
3507,45.4845307,9.2236126
3508,45.486036,9.2229916
3509,45.5017688,9.1622485
3510,45.4797334,9.1601884
3511,45.5017521,9.1621739
3512,45.436558,9.1688092
3513,45.4365566,9.1687641
3514,45.5231995,9.0954373
3515,45.5231662,9.0954627
3516,45.514779,9.2130114
3517,45.4594501,9.223922
3518,45.5144406,9.1913811
3519,45.5139801,9.1253056
3520,45.5116901,9.1279536
3521,45.5084367,9.1346189
3522,45.498045,9.1415716
3523,45.4954353,9.1434013
3524,45.4937167,9.1445935
3525,45.4825724,9.2063592
